timeStamp,elapsed,label,responseCode,responseMessage,threadName,dataType,success,failureMessage,bytes,sentBytes,grpThreads,allThreads,URL,Latency,IdleTime,Connect
1691732208010,2422,HTTP Request,200,OK,Thread Group 1-3,text,true,,62961,119,17,17,https://www.dhakasnob.com/,1622,0,1024
1691732208519,1922,HTTP Request,200,OK,Thread Group 1-6,text,true,,62961,119,17,17,https://www.dhakasnob.com/,1116,0,550
1691732207801,2648,HTTP Request,200,OK,Thread Group 1-1,text,true,,62961,119,17,17,https://www.dhakasnob.com/,1839,0,1233
1691732208350,2104,HTTP Request,200,OK,Thread Group 1-5,text,true,,62961,119,17,17,https://www.dhakasnob.com/,1297,0,684
1691732208181,2276,HTTP Request,200,OK,Thread Group 1-4,text,true,,62961,119,17,17,https://www.dhakasnob.com/,1471,0,853
1691732207837,2621,HTTP Request,200,OK,Thread Group 1-2,text,true,,62961,119,17,17,https://www.dhakasnob.com/,1809,0,1197
1691732208690,1923,HTTP Request,200,OK,Thread Group 1-7,text,true,,62961,119,18,18,https://www.dhakasnob.com/,1123,0,559
1691732208860,1879,HTTP Request,200,OK,Thread Group 1-8,text,true,,62961,119,19,19,https://www.dhakasnob.com/,1094,0,543
1691732209033,1931,HTTP Request,200,OK,Thread Group 1-9,text,true,,62961,119,20,20,https://www.dhakasnob.com/,1121,0,549
1691732209203,1933,HTTP Request,200,OK,Thread Group 1-10,text,true,,62961,119,21,21,https://www.dhakasnob.com/,1130,0,564
1691732209371,1918,HTTP Request,200,OK,Thread Group 1-11,text,true,,62961,119,22,22,https://www.dhakasnob.com/,1111,0,552
1691732209545,1948,HTTP Request,200,OK,Thread Group 1-12,text,true,,62961,119,23,23,https://www.dhakasnob.com/,1132,0,566
1691732210436,1078,HTTP Request,200,OK,Thread Group 1-3,text,true,,62938,119,23,23,https://www.dhakasnob.com/,290,0,0
1691732210455,1125,HTTP Request,200,OK,Thread Group 1-5,text,true,,62938,119,22,22,https://www.dhakasnob.com/,310,0,0
1691732210441,1142,HTTP Request,200,OK,Thread Group 1-6,text,true,,62938,119,21,21,https://www.dhakasnob.com/,326,0,0
1691732210449,1136,HTTP Request,200,OK,Thread Group 1-1,text,true,,62938,119,21,21,https://www.dhakasnob.com/,326,0,0
1691732210458,1132,HTTP Request,200,OK,Thread Group 1-2,text,true,,62938,119,19,19,https://www.dhakasnob.com/,321,0,0
1691732210457,1138,HTTP Request,200,OK,Thread Group 1-4,text,true,,62938,119,19,19,https://www.dhakasnob.com/,331,0,0
1691732209714,1927,HTTP Request,200,OK,Thread Group 1-13,text,true,,62961,119,18,18,https://www.dhakasnob.com/,1123,0,549
1691732210739,1078,HTTP Request,200,OK,Thread Group 1-8,text,true,,62938,119,19,19,https://www.dhakasnob.com/,293,0,0
1691732209887,1934,HTTP Request,200,OK,Thread Group 1-14,text,true,,62961,119,18,18,https://www.dhakasnob.com/,1128,0,551
1691732210057,1929,HTTP Request,200,OK,Thread Group 1-15,text,true,,62961,119,19,19,https://www.dhakasnob.com/,1130,0,555
1691732210965,1113,HTTP Request,200,OK,Thread Group 1-9,text,true,,62938,119,19,19,https://www.dhakasnob.com/,297,0,0
1691732211137,1088,HTTP Request,200,OK,Thread Group 1-10,text,true,,62938,119,19,19,https://www.dhakasnob.com/,284,0,0
1691732210399,1947,HTTP Request,200,OK,Thread Group 1-17,text,true,,62961,119,19,19,https://www.dhakasnob.com/,1138,0,555
1691732211290,1093,HTTP Request,200,OK,Thread Group 1-11,text,true,,62938,119,19,19,https://www.dhakasnob.com/,287,0,0
1691732210568,1866,HTTP Request,200,OK,Thread Group 1-18,text,true,,62961,119,18,18,https://www.dhakasnob.com/,1080,0,534
1691732211494,1101,HTTP Request,200,OK,Thread Group 1-12,text,true,,62938,119,19,19,https://www.dhakasnob.com/,287,0,0
1691732210738,1926,HTTP Request,200,OK,Thread Group 1-19,text,true,,62961,119,19,19,https://www.dhakasnob.com/,1119,0,559
1691732211642,1090,HTTP Request,200,OK,Thread Group 1-13,text,true,,62938,119,19,19,https://www.dhakasnob.com/,287,0,0
1691732210909,1926,HTTP Request,200,OK,Thread Group 1-20,text,true,,62961,119,19,19,https://www.dhakasnob.com/,1119,0,560
1691732211822,1094,HTTP Request,200,OK,Thread Group 1-14,text,true,,62938,119,19,19,https://www.dhakasnob.com/,287,0,0
1691732211987,1090,HTTP Request,200,OK,Thread Group 1-15,text,true,,62938,119,19,19,https://www.dhakasnob.com/,286,0,0
1691732211079,2166,HTTP Request,200,OK,Thread Group 1-21,text,true,,62961,119,19,19,https://www.dhakasnob.com/,1632,0,543
1691732210614,2718,HTTP Request,200,OK,Thread Group 1-7,text,true,,62938,119,20,20,https://www.dhakasnob.com/,1919,0,0
1691732211421,1938,HTTP Request,200,OK,Thread Group 1-23,text,true,,62961,119,19,19,https://www.dhakasnob.com/,1134,0,557
1691732212347,1101,HTTP Request,200,OK,Thread Group 1-17,text,true,,62938,119,19,19,https://www.dhakasnob.com/,291,0,0
1691732212435,1062,HTTP Request,200,OK,Thread Group 1-18,text,true,,62938,119,19,19,https://www.dhakasnob.com/,278,0,0
1691732210227,3403,HTTP Request,200,OK,Thread Group 1-16,text,true,,62961,119,18,18,https://www.dhakasnob.com/,1109,0,549
1691732211762,1925,HTTP Request,200,OK,Thread Group 1-25,text,true,,62961,119,19,19,https://www.dhakasnob.com/,1118,0,547
1691732212664,1097,HTTP Request,200,OK,Thread Group 1-19,text,true,,62938,119,19,19,https://www.dhakasnob.com/,290,0,0
1691732211936,1888,HTTP Request,200,OK,Thread Group 1-26,text,true,,62961,119,19,19,https://www.dhakasnob.com/,1103,0,538
1691732212835,1096,HTTP Request,200,OK,Thread Group 1-20,text,true,,62938,119,19,19,https://www.dhakasnob.com/,290,0,0
1691732212105,1917,HTTP Request,200,OK,Thread Group 1-27,text,true,,62961,119,19,19,https://www.dhakasnob.com/,1118,0,548
1691732212274,1880,HTTP Request,200,OK,Thread Group 1-28,text,true,,62961,119,20,20,https://www.dhakasnob.com/,1097,0,538
1691732211251,2991,HTTP Request,200,OK,Thread Group 1-22,text,true,,62961,119,20,20,https://www.dhakasnob.com/,2182,0,563
1691732212448,1969,HTTP Request,200,OK,Thread Group 1-29,text,true,,62961,119,21,21,https://www.dhakasnob.com/,1162,0,551
1691732213360,1095,HTTP Request,200,OK,Thread Group 1-23,text,true,,62938,119,21,21,https://www.dhakasnob.com/,285,0,0
1691732212616,1930,HTTP Request,200,OK,Thread Group 1-30,text,true,,62961,119,21,21,https://www.dhakasnob.com/,1132,0,546
1691732211593,2968,HTTP Request,200,OK,Thread Group 1-24,text,true,,62961,119,21,21,https://www.dhakasnob.com/,2160,0,1585
1691732213246,1347,HTTP Request,200,OK,Thread Group 1-21,text,true,,62938,119,21,21,https://www.dhakasnob.com/,550,0,0
1691732212786,1905,HTTP Request,200,OK,Thread Group 1-31,text,true,,62961,119,21,21,https://www.dhakasnob.com/,1102,0,546
1691732213687,1108,HTTP Request,200,OK,Thread Group 1-25,text,true,,62938,119,21,21,https://www.dhakasnob.com/,302,0,0
1691732212960,1882,HTTP Request,200,OK,Thread Group 1-32,text,true,,62961,119,21,21,https://www.dhakasnob.com/,1098,0,535
1691732213825,1070,HTTP Request,200,OK,Thread Group 1-26,text,true,,62938,119,21,21,https://www.dhakasnob.com/,286,0,0
1691732213631,1367,HTTP Request,200,OK,Thread Group 1-16,text,true,,62938,119,20,20,https://www.dhakasnob.com/,559,0,0
1691732213128,1929,HTTP Request,200,OK,Thread Group 1-33,text,true,,62961,119,20,20,https://www.dhakasnob.com/,1132,0,547
1691732214023,1084,HTTP Request,200,OK,Thread Group 1-27,text,true,,62938,119,20,20,https://www.dhakasnob.com/,285,0,0
1691732214155,1082,HTTP Request,200,OK,Thread Group 1-28,text,true,,62938,119,20,20,https://www.dhakasnob.com/,300,0,0
1691732213301,1959,HTTP Request,200,OK,Thread Group 1-34,text,true,,62961,119,19,19,https://www.dhakasnob.com/,1148,0,553
1691732213471,1899,HTTP Request,200,OK,Thread Group 1-35,text,true,,62961,119,20,20,https://www.dhakasnob.com/,1112,0,536
1691732214418,1096,HTTP Request,200,OK,Thread Group 1-29,text,true,,62938,119,20,20,https://www.dhakasnob.com/,288,0,0
1691732213642,1941,HTTP Request,200,OK,Thread Group 1-36,text,true,,62961,119,20,20,https://www.dhakasnob.com/,1130,0,555
1691732214243,1375,HTTP Request,200,OK,Thread Group 1-22,text,true,,62938,119,20,20,https://www.dhakasnob.com/,566,0,0
1691732214546,1090,HTTP Request,200,OK,Thread Group 1-30,text,true,,62938,119,19,19,https://www.dhakasnob.com/,285,0,0
1691732214692,1080,HTTP Request,200,OK,Thread Group 1-31,text,true,,62938,119,19,19,https://www.dhakasnob.com/,282,0,0
1691732214844,1061,HTTP Request,200,OK,Thread Group 1-32,text,true,,62938,119,19,19,https://www.dhakasnob.com/,536,0,0
1691732213985,1923,HTTP Request,200,OK,Thread Group 1-38,text,true,,62961,119,18,18,https://www.dhakasnob.com/,1121,0,553
1691732214561,1364,HTTP Request,200,OK,Thread Group 1-24,text,true,,62938,119,18,18,https://www.dhakasnob.com/,555,0,0
1691732213813,2181,HTTP Request,200,OK,Thread Group 1-37,text,true,,62961,119,17,17,https://www.dhakasnob.com/,1604,0,538
1691732214156,1944,HTTP Request,200,OK,Thread Group 1-39,text,true,,62961,119,18,18,https://www.dhakasnob.com/,1139,0,553
1691732215058,1114,HTTP Request,200,OK,Thread Group 1-33,text,true,,62938,119,18,18,https://www.dhakasnob.com/,316,0,0
1691732215261,1097,HTTP Request,200,OK,Thread Group 1-34,text,true,,62938,119,18,18,https://www.dhakasnob.com/,556,0,0
1691732215371,1060,HTTP Request,200,OK,Thread Group 1-35,text,true,,62938,119,18,18,https://www.dhakasnob.com/,278,0,0
1691732214494,1952,HTTP Request,200,OK,Thread Group 1-41,text,true,,62961,119,17,17,https://www.dhakasnob.com/,1145,0,555
1691732214666,1889,HTTP Request,200,OK,Thread Group 1-42,text,true,,62961,119,18,18,https://www.dhakasnob.com/,1105,0,539
1691732215583,1097,HTTP Request,200,OK,Thread Group 1-36,text,true,,62938,119,18,18,https://www.dhakasnob.com/,287,0,0
1691732214837,1929,HTTP Request,200,OK,Thread Group 1-43,text,true,,62961,119,18,18,https://www.dhakasnob.com/,1123,0,552
1691732215007,1926,HTTP Request,200,OK,Thread Group 1-44,text,true,,62961,119,19,19,https://www.dhakasnob.com/,1116,0,552
1691732215909,1082,HTTP Request,200,OK,Thread Group 1-38,text,true,,62938,119,19,19,https://www.dhakasnob.com/,284,0,0
1691732215179,1864,HTTP Request,200,OK,Thread Group 1-45,text,true,,62961,119,18,18,https://www.dhakasnob.com/,1078,0,533
1691732214324,2795,HTTP Request,200,OK,Thread Group 1-40,text,true,,62961,119,19,19,https://www.dhakasnob.com/,1761,0,1163
1691732216101,1092,HTTP Request,200,OK,Thread Group 1-39,text,true,,62938,119,19,19,https://www.dhakasnob.com/,557,0,0
1691732215348,1892,HTTP Request,200,OK,Thread Group 1-46,text,true,,62961,119,19,19,https://www.dhakasnob.com/,1096,0,543
1691732215995,1325,HTTP Request,200,OK,Thread Group 1-37,text,true,,62938,119,19,19,https://www.dhakasnob.com/,539,0,0
1691732215517,1940,HTTP Request,200,OK,Thread Group 1-47,text,true,,62961,119,19,19,https://www.dhakasnob.com/,1130,0,550
1691732216447,1090,HTTP Request,200,OK,Thread Group 1-41,text,true,,62938,119,19,19,https://www.dhakasnob.com/,551,0,0
1691732215689,1873,HTTP Request,200,OK,Thread Group 1-48,text,true,,62961,119,18,18,https://www.dhakasnob.com/,1090,0,539
1691732216556,1075,HTTP Request,200,OK,Thread Group 1-42,text,true,,62938,119,19,19,https://www.dhakasnob.com/,550,0,0
1691732215861,1942,HTTP Request,200,OK,Thread Group 1-49,text,true,,62961,119,19,19,https://www.dhakasnob.com/,1124,0,557
1691732216766,1092,HTTP Request,200,OK,Thread Group 1-43,text,true,,62938,119,19,19,https://www.dhakasnob.com/,553,0,0
1691732216031,1901,HTTP Request,200,OK,Thread Group 1-50,text,true,,62961,119,19,19,https://www.dhakasnob.com/,1103,0,549
1691732216933,1094,HTTP Request,200,OK,Thread Group 1-44,text,true,,62938,119,19,19,https://www.dhakasnob.com/,553,0,0
1691732217044,1064,HTTP Request,200,OK,Thread Group 1-45,text,true,,62938,119,19,19,https://www.dhakasnob.com/,278,0,0
1691732216200,1911,HTTP Request,200,OK,Thread Group 1-51,text,true,,62961,119,18,18,https://www.dhakasnob.com/,1103,0,547
1691732216372,1901,HTTP Request,200,OK,Thread Group 1-52,text,true,,62961,119,19,19,https://www.dhakasnob.com/,1104,0,551
1691732216542,1910,HTTP Request,200,OK,Thread Group 1-53,text,true,,62961,119,20,20,https://www.dhakasnob.com/,1102,0,545
1691732217119,1359,HTTP Request,200,OK,Thread Group 1-40,text,true,,62938,119,20,20,https://www.dhakasnob.com/,551,0,0
1691732217458,1091,HTTP Request,200,OK,Thread Group 1-47,text,true,,62938,119,19,19,https://www.dhakasnob.com/,285,0,0
1691732217241,1361,HTTP Request,200,OK,Thread Group 1-46,text,true,,62938,119,19,19,https://www.dhakasnob.com/,547,0,0
1691732216713,1904,HTTP Request,200,OK,Thread Group 1-54,text,true,,62961,119,18,18,https://www.dhakasnob.com/,1109,0,543
1691732217564,1058,HTTP Request,200,OK,Thread Group 1-48,text,true,,62938,119,18,18,https://www.dhakasnob.com/,535,0,0
1691732216885,1878,HTTP Request,200,OK,Thread Group 1-55,text,true,,62961,119,18,18,https://www.dhakasnob.com/,1093,0,534
1691732217804,1105,HTTP Request,200,OK,Thread Group 1-49,text,true,,62938,119,18,18,https://www.dhakasnob.com/,288,0,0
1691732217055,1912,HTTP Request,200,OK,Thread Group 1-56,text,true,,62961,119,18,18,https://www.dhakasnob.com/,1104,0,547
1691732217932,1079,HTTP Request,200,OK,Thread Group 1-50,text,true,,62938,119,18,18,https://www.dhakasnob.com/,282,0,0
1691732217227,1921,HTTP Request,200,OK,Thread Group 1-57,text,true,,62961,119,18,18,https://www.dhakasnob.com/,1115,0,556
1691732218112,1097,HTTP Request,200,OK,Thread Group 1-51,text,true,,62938,119,18,18,https://www.dhakasnob.com/,291,0,0
1691732217396,1913,HTTP Request,200,OK,Thread Group 1-58,text,true,,62961,119,18,18,https://www.dhakasnob.com/,1105,0,547
1691732218275,1079,HTTP Request,200,OK,Thread Group 1-52,text,true,,62938,119,18,18,https://www.dhakasnob.com/,281,0,0
1691732218453,1098,HTTP Request,200,OK,Thread Group 1-53,text,true,,62938,119,18,18,https://www.dhakasnob.com/,290,0,0
1691732217739,1940,HTTP Request,200,OK,Thread Group 1-60,text,true,,62961,119,18,18,https://www.dhakasnob.com/,1132,0,556
1691732218618,1078,HTTP Request,200,OK,Thread Group 1-54,text,true,,62938,119,18,18,https://www.dhakasnob.com/,282,0,0
1691732217908,1914,HTTP Request,200,OK,Thread Group 1-61,text,true,,62961,119,18,18,https://www.dhakasnob.com/,1109,0,551
1691732218764,1062,HTTP Request,200,OK,Thread Group 1-55,text,true,,62938,119,18,18,https://www.dhakasnob.com/,538,0,0
1691732218080,1900,HTTP Request,200,OK,Thread Group 1-62,text,true,,62961,119,18,18,https://www.dhakasnob.com/,1102,0,550
1691732218967,1095,HTTP Request,200,OK,Thread Group 1-56,text,true,,62938,119,18,18,https://www.dhakasnob.com/,283,0,0
1691732218251,1919,HTTP Request,200,OK,Thread Group 1-63,text,true,,62961,119,18,18,https://www.dhakasnob.com/,1112,0,553
1691732219149,1091,HTTP Request,200,OK,Thread Group 1-57,text,true,,62938,119,18,18,https://www.dhakasnob.com/,551,0,0
1691732218422,1871,HTTP Request,200,OK,Thread Group 1-64,text,true,,62961,119,17,17,https://www.dhakasnob.com/,1088,0,544
1691732217569,2780,HTTP Request,200,OK,Thread Group 1-59,text,true,,62961,119,18,18,https://www.dhakasnob.com/,1752,0,1161
1691732219310,1091,HTTP Request,200,OK,Thread Group 1-58,text,true,,62938,119,18,18,https://www.dhakasnob.com/,282,0,0
1691732218594,1935,HTTP Request,200,OK,Thread Group 1-65,text,true,,62961,119,18,18,https://www.dhakasnob.com/,1126,0,567
1691732218764,1952,HTTP Request,200,OK,Thread Group 1-66,text,true,,62961,119,19,19,https://www.dhakasnob.com/,1132,0,566
1691732218935,1908,HTTP Request,200,OK,Thread Group 1-67,text,true,,62961,119,20,20,https://www.dhakasnob.com/,1093,0,548
1691732219680,1172,HTTP Request,200,OK,Thread Group 1-60,text,true,,62938,119,20,20,https://www.dhakasnob.com/,552,0,0
1691732219823,1080,HTTP Request,200,OK,Thread Group 1-61,text,true,,62938,119,19,19,https://www.dhakasnob.com/,545,0,0
1691732219104,1863,HTTP Request,200,OK,Thread Group 1-68,text,true,,62961,119,18,18,https://www.dhakasnob.com/,1082,0,534
1691732219981,1079,HTTP Request,200,OK,Thread Group 1-62,text,true,,62938,119,19,19,https://www.dhakasnob.com/,545,0,0
1691732219276,1901,HTTP Request,200,OK,Thread Group 1-69,text,true,,62961,119,19,19,https://www.dhakasnob.com/,1101,0,551
1691732220170,1090,HTTP Request,200,OK,Thread Group 1-63,text,true,,62938,119,19,19,https://www.dhakasnob.com/,284,0,0
1691732220294,1065,HTTP Request,200,OK,Thread Group 1-64,text,true,,62938,119,19,19,https://www.dhakasnob.com/,278,0,0
1691732219445,1953,HTTP Request,200,OK,Thread Group 1-70,text,true,,62961,119,18,18,https://www.dhakasnob.com/,1128,0,567
1691732219618,1899,HTTP Request,200,OK,Thread Group 1-71,text,true,,62961,119,19,19,https://www.dhakasnob.com/,1100,0,547
1691732220530,1096,HTTP Request,200,OK,Thread Group 1-65,text,true,,62938,119,19,19,https://www.dhakasnob.com/,287,0,0
1691732220350,1345,HTTP Request,200,OK,Thread Group 1-59,text,true,,62938,119,19,19,https://www.dhakasnob.com/,547,0,0
1691732219790,1916,HTTP Request,200,OK,Thread Group 1-72,text,true,,62961,119,18,18,https://www.dhakasnob.com/,1108,0,551
1691732220716,1117,HTTP Request,200,OK,Thread Group 1-66,text,true,,62938,119,18,18,https://www.dhakasnob.com/,297,0,0
1691732219960,1882,HTTP Request,200,OK,Thread Group 1-73,text,true,,62961,119,18,18,https://www.dhakasnob.com/,1097,0,543
1691732220844,1082,HTTP Request,200,OK,Thread Group 1-67,text,true,,62938,119,18,18,https://www.dhakasnob.com/,285,0,0
1691732220130,1888,HTTP Request,200,OK,Thread Group 1-74,text,true,,62961,119,18,18,https://www.dhakasnob.com/,1104,0,537
1691732220968,1061,HTTP Request,200,OK,Thread Group 1-68,text,true,,62938,119,18,18,https://www.dhakasnob.com/,281,0,0
1691732220299,1941,HTTP Request,200,OK,Thread Group 1-75,text,true,,62961,119,18,18,https://www.dhakasnob.com/,1132,0,557
1691732221178,1099,HTTP Request,200,OK,Thread Group 1-69,text,true,,62938,119,18,18,https://www.dhakasnob.com/,300,0,0
1691732220468,1889,HTTP Request,200,OK,Thread Group 1-76,text,true,,62961,119,18,18,https://www.dhakasnob.com/,1094,0,540
1691732221399,1109,HTTP Request,200,OK,Thread Group 1-70,text,true,,62938,119,18,18,https://www.dhakasnob.com/,562,0,0
1691732220643,1938,HTTP Request,200,OK,Thread Group 1-77,text,true,,62961,119,18,18,https://www.dhakasnob.com/,1130,0,550
1691732221518,1085,HTTP Request,200,OK,Thread Group 1-71,text,true,,62938,119,18,18,https://www.dhakasnob.com/,284,0,0
1691732220811,1916,HTTP Request,200,OK,Thread Group 1-78,text,true,,62961,119,18,18,https://www.dhakasnob.com/,1111,0,557
1691732221707,1091,HTTP Request,200,OK,Thread Group 1-72,text,true,,62938,119,18,18,https://www.dhakasnob.com/,284,0,0
1691732220982,1866,HTTP Request,200,OK,Thread Group 1-79,text,true,,62961,119,17,17,https://www.dhakasnob.com/,1085,0,540
1691732221843,1083,HTTP Request,200,OK,Thread Group 1-73,text,true,,62938,119,18,18,https://www.dhakasnob.com/,305,0,0
1691732221154,1894,HTTP Request,200,OK,Thread Group 1-80,text,true,,62961,119,18,18,https://www.dhakasnob.com/,1098,0,544
1691732222019,1065,HTTP Request,200,OK,Thread Group 1-74,text,true,,62938,119,18,18,https://www.dhakasnob.com/,280,0,0
1691732221326,1888,HTTP Request,200,OK,Thread Group 1-81,text,true,,62961,119,18,18,https://www.dhakasnob.com/,1103,0,540
1691732222240,1100,HTTP Request,200,OK,Thread Group 1-75,text,true,,62938,119,18,18,https://www.dhakasnob.com/,559,0,0
1691732221497,1929,HTTP Request,200,OK,Thread Group 1-82,text,true,,62961,119,18,18,https://www.dhakasnob.com/,1119,0,556
1691732222357,1076,HTTP Request,200,OK,Thread Group 1-76,text,true,,62938,119,18,18,https://www.dhakasnob.com/,280,0,0
1691732221667,1916,HTTP Request,200,OK,Thread Group 1-83,text,true,,62961,119,18,18,https://www.dhakasnob.com/,1109,0,549
1691732222582,1094,HTTP Request,200,OK,Thread Group 1-77,text,true,,62938,119,18,18,https://www.dhakasnob.com/,285,0,0
1691732221839,1888,HTTP Request,200,OK,Thread Group 1-84,text,true,,62961,119,18,18,https://www.dhakasnob.com/,1091,0,541
1691732222728,1089,HTTP Request,200,OK,Thread Group 1-78,text,true,,62938,119,18,18,https://www.dhakasnob.com/,552,0,0
1691732222010,1865,HTTP Request,200,OK,Thread Group 1-85,text,true,,62961,119,17,17,https://www.dhakasnob.com/,1079,0,536
1691732222849,1059,HTTP Request,200,OK,Thread Group 1-79,text,true,,62938,119,18,18,https://www.dhakasnob.com/,536,0,0
1691732222178,1950,HTTP Request,200,OK,Thread Group 1-86,text,true,,62961,119,18,18,https://www.dhakasnob.com/,1130,0,563
1691732223049,1092,HTTP Request,200,OK,Thread Group 1-80,text,true,,62938,119,18,18,https://www.dhakasnob.com/,561,0,0
1691732222348,1923,HTTP Request,200,OK,Thread Group 1-87,text,true,,62961,119,18,18,https://www.dhakasnob.com/,1126,0,558
1691732223215,1063,HTTP Request,200,OK,Thread Group 1-81,text,true,,62938,119,18,18,https://www.dhakasnob.com/,276,0,0
1691732222523,1881,HTTP Request,200,OK,Thread Group 1-88,text,true,,62961,119,18,18,https://www.dhakasnob.com/,1097,0,539
1691732223427,1101,HTTP Request,200,OK,Thread Group 1-82,text,true,,62938,119,18,18,https://www.dhakasnob.com/,292,0,0
1691732222694,1928,HTTP Request,200,OK,Thread Group 1-89,text,true,,62961,119,18,18,https://www.dhakasnob.com/,1119,0,551
1691732223584,1091,HTTP Request,200,OK,Thread Group 1-83,text,true,,62938,119,18,18,https://www.dhakasnob.com/,284,0,0
1691732223727,1078,HTTP Request,200,OK,Thread Group 1-84,text,true,,62938,119,18,18,https://www.dhakasnob.com/,282,0,0
1691732222864,1955,HTTP Request,200,OK,Thread Group 1-90,text,true,,62961,119,17,17,https://www.dhakasnob.com/,1145,0,556
1691732223876,1068,HTTP Request,200,OK,Thread Group 1-85,text,true,,62938,119,18,18,https://www.dhakasnob.com/,543,0,0
1691732223034,1952,HTTP Request,200,OK,Thread Group 1-91,text,true,,62961,119,17,17,https://www.dhakasnob.com/,1133,0,566
1691732223207,1905,HTTP Request,200,OK,Thread Group 1-92,text,true,,62961,119,18,18,https://www.dhakasnob.com/,1106,0,547
1691732224129,1111,HTTP Request,200,OK,Thread Group 1-86,text,true,,62938,119,18,18,https://www.dhakasnob.com/,563,0,0
1691732223378,1940,HTTP Request,200,OK,Thread Group 1-93,text,true,,62961,119,18,18,https://www.dhakasnob.com/,1130,0,554
1691732224272,1086,HTTP Request,200,OK,Thread Group 1-87,text,true,,62938,119,18,18,https://www.dhakasnob.com/,553,0,0
1691732224405,1069,HTTP Request,200,OK,Thread Group 1-88,text,true,,62938,119,18,18,https://www.dhakasnob.com/,286,0,0
1691732223548,1947,HTTP Request,200,OK,Thread Group 1-94,text,true,,62961,119,17,17,https://www.dhakasnob.com/,1138,0,552
1691732223720,1941,HTTP Request,200,OK,Thread Group 1-95,text,true,,62961,119,18,18,https://www.dhakasnob.com/,1134,0,550
1691732224623,1096,HTTP Request,200,OK,Thread Group 1-89,text,true,,62938,119,18,18,https://www.dhakasnob.com/,289,0,0
1691732223889,1916,HTTP Request,200,OK,Thread Group 1-96,text,true,,62961,119,18,18,https://www.dhakasnob.com/,1118,0,550
1691732224058,1871,HTTP Request,200,OK,Thread Group 1-97,text,true,,62961,119,18,18,https://www.dhakasnob.com/,1086,0,537
1691732224820,1110,HTTP Request,200,OK,Thread Group 1-90,text,true,,62938,119,18,18,https://www.dhakasnob.com/,567,0,0
1691732224987,1109,HTTP Request,200,OK,Thread Group 1-91,text,true,,62938,119,18,18,https://www.dhakasnob.com/,289,0,0
1691732224231,1945,HTTP Request,200,OK,Thread Group 1-98,text,true,,62961,119,18,18,https://www.dhakasnob.com/,1139,0,555
1691732225113,1082,HTTP Request,200,OK,Thread Group 1-92,text,true,,62938,119,18,18,https://www.dhakasnob.com/,548,0,0
1691732224402,1936,HTTP Request,200,OK,Thread Group 1-99,text,true,,62961,119,18,18,https://www.dhakasnob.com/,1129,0,555
1691732225318,1095,HTTP Request,200,OK,Thread Group 1-93,text,true,,62938,119,18,18,https://www.dhakasnob.com/,285,0,0
1691732224574,1882,HTTP Request,200,OK,Thread Group 1-100,text,true,,62961,119,18,18,https://www.dhakasnob.com/,1098,0,543
1691732225496,1100,HTTP Request,200,OK,Thread Group 1-94,text,true,,62938,119,18,18,https://www.dhakasnob.com/,290,0,0
1691732225662,1093,HTTP Request,200,OK,Thread Group 1-95,text,true,,62938,119,18,18,https://www.dhakasnob.com/,287,0,0
1691732224918,1894,HTTP Request,200,OK,Thread Group 1-102,text,true,,62961,119,18,18,https://www.dhakasnob.com/,1099,0,548
1691732225806,1084,HTTP Request,200,OK,Thread Group 1-96,text,true,,62938,119,18,18,https://www.dhakasnob.com/,549,0,0
1691732224744,2148,HTTP Request,200,OK,Thread Group 1-101,text,true,,62961,119,18,18,https://www.dhakasnob.com/,1108,0,549
1691732225087,1870,HTTP Request,200,OK,Thread Group 1-103,text,true,,62961,119,17,17,https://www.dhakasnob.com/,1085,0,540
1691732225930,1067,HTTP Request,200,OK,Thread Group 1-97,text,true,,62938,119,18,18,https://www.dhakasnob.com/,280,0,0
1691732225259,1877,HTTP Request,200,OK,Thread Group 1-104,text,true,,62961,119,17,17,https://www.dhakasnob.com/,1094,0,542
1691732226177,1097,HTTP Request,200,OK,Thread Group 1-98,text,true,,62938,119,18,18,https://www.dhakasnob.com/,288,0,0
1691732225429,1873,HTTP Request,200,OK,Thread Group 1-105,text,true,,62961,119,17,17,https://www.dhakasnob.com/,1089,0,541
1691732226340,1089,HTTP Request,200,OK,Thread Group 1-99,text,true,,62938,119,18,18,https://www.dhakasnob.com/,551,0,0
1691732225600,1866,HTTP Request,200,OK,Thread Group 1-106,text,true,,62961,119,17,17,https://www.dhakasnob.com/,1083,0,542
1691732226458,1058,HTTP Request,200,OK,Thread Group 1-100,text,true,,62938,119,18,18,https://www.dhakasnob.com/,277,0,0
1691732225771,1917,HTTP Request,200,OK,Thread Group 1-107,text,true,,62961,119,18,18,https://www.dhakasnob.com/,1110,0,555
1691732225942,1900,HTTP Request,200,OK,Thread Group 1-108,text,true,,62961,119,19,19,https://www.dhakasnob.com/,1101,0,550
1691732226813,1073,HTTP Request,200,OK,Thread Group 1-102,text,true,,62938,119,19,19,https://www.dhakasnob.com/,277,0,0
1691732226958,1058,HTTP Request,200,OK,Thread Group 1-103,text,true,,62938,119,19,19,https://www.dhakasnob.com/,274,0,0
1691732226113,1928,HTTP Request,200,OK,Thread Group 1-109,text,true,,62961,119,18,18,https://www.dhakasnob.com/,1117,0,558
1691732227138,1057,HTTP Request,200,OK,Thread Group 1-104,text,true,,62938,119,19,19,https://www.dhakasnob.com/,275,0,0
1691732226285,1915,HTTP Request,200,OK,Thread Group 1-110,text,true,,62961,119,18,18,https://www.dhakasnob.com/,1109,0,554
1691732226893,1342,HTTP Request,200,OK,Thread Group 1-101,text,true,,62938,119,18,18,https://www.dhakasnob.com/,543,0,0
1691732226457,1892,HTTP Request,200,OK,Thread Group 1-111,text,true,,62961,119,18,18,https://www.dhakasnob.com/,1098,0,549
1691732227303,1059,HTTP Request,200,OK,Thread Group 1-105,text,true,,62938,119,18,18,https://www.dhakasnob.com/,275,0,0
1691732227467,1058,HTTP Request,200,OK,Thread Group 1-106,text,true,,62938,119,18,18,https://www.dhakasnob.com/,534,0,0
1691732226626,1926,HTTP Request,200,OK,Thread Group 1-112,text,true,,62961,119,17,17,https://www.dhakasnob.com/,1117,0,556
1691732226798,1912,HTTP Request,200,OK,Thread Group 1-113,text,true,,62961,119,18,18,https://www.dhakasnob.com/,1105,0,552
1691732227689,1089,HTTP Request,200,OK,Thread Group 1-107,text,true,,62938,119,18,18,https://www.dhakasnob.com/,548,0,0
1691732226969,1910,HTTP Request,200,OK,Thread Group 1-114,text,true,,62961,119,18,18,https://www.dhakasnob.com/,1105,0,552
1691732227843,1079,HTTP Request,200,OK,Thread Group 1-108,text,true,,62938,119,18,18,https://www.dhakasnob.com/,546,0,0
1691732227139,1863,HTTP Request,200,OK,Thread Group 1-115,text,true,,62961,119,17,17,https://www.dhakasnob.com/,1076,0,535
1691732228042,1096,HTTP Request,200,OK,Thread Group 1-109,text,true,,62938,119,18,18,https://www.dhakasnob.com/,287,0,0
1691732227310,1922,HTTP Request,200,OK,Thread Group 1-116,text,true,,62961,119,18,18,https://www.dhakasnob.com/,1112,0,554
1691732228201,1090,HTTP Request,200,OK,Thread Group 1-110,text,true,,62938,119,18,18,https://www.dhakasnob.com/,283,0,0
1691732227481,1928,HTTP Request,200,OK,Thread Group 1-117,text,true,,62961,119,18,18,https://www.dhakasnob.com/,1117,0,555
1691732228350,1076,HTTP Request,200,OK,Thread Group 1-111,text,true,,62938,119,18,18,https://www.dhakasnob.com/,281,0,0
1691732227650,1861,HTTP Request,200,OK,Thread Group 1-118,text,true,,62961,119,17,17,https://www.dhakasnob.com/,1079,0,532
1691732228552,1103,HTTP Request,200,OK,Thread Group 1-112,text,true,,62938,119,18,18,https://www.dhakasnob.com/,557,0,0
1691732227824,1919,HTTP Request,200,OK,Thread Group 1-119,text,true,,62961,119,18,18,https://www.dhakasnob.com/,1110,0,551
1691732228711,1089,HTTP Request,200,OK,Thread Group 1-113,text,true,,62938,119,18,18,https://www.dhakasnob.com/,283,0,0
1691732227993,1950,HTTP Request,200,OK,Thread Group 1-120,text,true,,62961,119,18,18,https://www.dhakasnob.com/,1132,0,563
1691732228880,1085,HTTP Request,200,OK,Thread Group 1-114,text,true,,62938,119,18,18,https://www.dhakasnob.com/,281,0,0
1691732229003,1072,HTTP Request,200,OK,Thread Group 1-115,text,true,,62938,119,18,18,https://www.dhakasnob.com/,288,0,0
1691732228164,1917,HTTP Request,200,OK,Thread Group 1-121,text,true,,62961,119,17,17,https://www.dhakasnob.com/,1111,0,552
1691732228335,1914,HTTP Request,200,OK,Thread Group 1-122,text,true,,62961,119,18,18,https://www.dhakasnob.com/,1105,0,551
1691732229233,1093,HTTP Request,200,OK,Thread Group 1-116,text,true,,62938,119,18,18,https://www.dhakasnob.com/,283,0,0
1691732228508,1860,HTTP Request,200,OK,Thread Group 1-123,text,true,,62961,119,17,17,https://www.dhakasnob.com/,1074,0,533
1691732229410,1091,HTTP Request,200,OK,Thread Group 1-117,text,true,,62938,119,18,18,https://www.dhakasnob.com/,286,0,0
1691732229511,1056,HTTP Request,200,OK,Thread Group 1-118,text,true,,62938,119,18,18,https://www.dhakasnob.com/,273,0,0
1691732228679,1921,HTTP Request,200,OK,Thread Group 1-124,text,true,,62961,119,17,17,https://www.dhakasnob.com/,1115,0,559
1691732228848,1920,HTTP Request,200,OK,Thread Group 1-125,text,true,,62961,119,18,18,https://www.dhakasnob.com/,1113,0,551
1691732229744,1092,HTTP Request,200,OK,Thread Group 1-119,text,true,,62938,119,18,18,https://www.dhakasnob.com/,283,0,0
1691732229021,1912,HTTP Request,200,OK,Thread Group 1-126,text,true,,62961,119,18,18,https://www.dhakasnob.com/,1104,0,550
1691732229188,1854,HTTP Request,200,OK,Thread Group 1-127,text,true,,62961,119,18,18,https://www.dhakasnob.com/,1069,0,530
1691732229943,1100,HTTP Request,200,OK,Thread Group 1-120,text,true,,62938,119,18,18,https://www.dhakasnob.com/,283,0,0
1691732230081,1099,HTTP Request,200,OK,Thread Group 1-121,text,true,,62938,119,18,18,https://www.dhakasnob.com/,290,0,0
1691732229362,1927,HTTP Request,200,OK,Thread Group 1-128,text,true,,62961,119,18,18,https://www.dhakasnob.com/,1111,0,549
1691732230250,1090,HTTP Request,200,OK,Thread Group 1-122,text,true,,62938,119,18,18,https://www.dhakasnob.com/,281,0,0
1691732229531,1889,HTTP Request,200,OK,Thread Group 1-129,text,true,,62961,119,18,18,https://www.dhakasnob.com/,1091,0,539
1691732230368,1058,HTTP Request,200,OK,Thread Group 1-123,text,true,,62938,119,18,18,https://www.dhakasnob.com/,533,0,0
1691732229702,1914,HTTP Request,200,OK,Thread Group 1-130,text,true,,62961,119,18,18,https://www.dhakasnob.com/,1105,0,546
1691732230601,1091,HTTP Request,200,OK,Thread Group 1-124,text,true,,62938,119,18,18,https://www.dhakasnob.com/,284,0,0
1691732229872,1857,HTTP Request,200,OK,Thread Group 1-131,text,true,,62961,119,17,17,https://www.dhakasnob.com/,1075,0,530
1691732230769,1091,HTTP Request,200,OK,Thread Group 1-125,text,true,,62938,119,18,18,https://www.dhakasnob.com/,551,0,0
1691732230042,1915,HTTP Request,200,OK,Thread Group 1-132,text,true,,62961,119,18,18,https://www.dhakasnob.com/,1108,0,552
1691732230934,1090,HTTP Request,200,OK,Thread Group 1-126,text,true,,62938,119,18,18,https://www.dhakasnob.com/,550,0,0
1691732231043,1058,HTTP Request,200,OK,Thread Group 1-127,text,true,,62938,119,18,18,https://www.dhakasnob.com/,275,0,0
1691732230216,1920,HTTP Request,200,OK,Thread Group 1-133,text,true,,62961,119,17,17,https://www.dhakasnob.com/,1109,0,548
1691732230385,1920,HTTP Request,200,OK,Thread Group 1-134,text,true,,62961,119,18,18,https://www.dhakasnob.com/,1110,0,554
1691732231290,1100,HTTP Request,200,OK,Thread Group 1-128,text,true,,62938,119,18,18,https://www.dhakasnob.com/,285,0,0
1691732230556,1893,HTTP Request,200,OK,Thread Group 1-135,text,true,,62961,119,18,18,https://www.dhakasnob.com/,1093,0,545
1691732231421,1084,HTTP Request,200,OK,Thread Group 1-129,text,true,,62938,119,18,18,https://www.dhakasnob.com/,552,0,0
1691732230730,1937,HTTP Request,200,OK,Thread Group 1-136,text,true,,62961,119,18,18,https://www.dhakasnob.com/,1122,0,560
1691732231617,1100,HTTP Request,200,OK,Thread Group 1-130,text,true,,62938,119,18,18,https://www.dhakasnob.com/,284,0,0
1691732231730,1056,HTTP Request,200,OK,Thread Group 1-131,text,true,,62938,119,18,18,https://www.dhakasnob.com/,274,0,0
1691732230901,1918,HTTP Request,200,OK,Thread Group 1-137,text,true,,62961,119,17,17,https://www.dhakasnob.com/,1108,0,554
1691732231071,1915,HTTP Request,200,OK,Thread Group 1-138,text,true,,62961,119,18,18,https://www.dhakasnob.com/,1104,0,551
1691732231957,1091,HTTP Request,200,OK,Thread Group 1-132,text,true,,62938,119,18,18,https://www.dhakasnob.com/,284,0,0
1691732231242,1889,HTTP Request,200,OK,Thread Group 1-139,text,true,,62961,119,18,18,https://www.dhakasnob.com/,1092,0,546
1691732232137,1088,HTTP Request,200,OK,Thread Group 1-133,text,true,,62938,119,18,18,https://www.dhakasnob.com/,281,0,0
1691732231414,1890,HTTP Request,200,OK,Thread Group 1-140,text,true,,62961,119,18,18,https://www.dhakasnob.com/,1095,0,545
1691732232306,1098,HTTP Request,200,OK,Thread Group 1-134,text,true,,62938,119,18,18,https://www.dhakasnob.com/,289,0,0
1691732231585,1917,HTTP Request,200,OK,Thread Group 1-141,text,true,,62961,119,18,18,https://www.dhakasnob.com/,1111,0,553
1691732232449,1077,HTTP Request,200,OK,Thread Group 1-135,text,true,,62938,119,18,18,https://www.dhakasnob.com/,278,0,0
1691732231757,1925,HTTP Request,200,OK,Thread Group 1-142,text,true,,62961,119,18,18,https://www.dhakasnob.com/,1116,0,550
1691732232668,1099,HTTP Request,200,OK,Thread Group 1-136,text,true,,62938,119,18,18,https://www.dhakasnob.com/,285,0,0
1691732231926,1893,HTTP Request,200,OK,Thread Group 1-143,text,true,,62961,119,18,18,https://www.dhakasnob.com/,1094,0,545
1691732232819,1091,HTTP Request,200,OK,Thread Group 1-137,text,true,,62938,119,18,18,https://www.dhakasnob.com/,282,0,0
1691732232097,1916,HTTP Request,200,OK,Thread Group 1-144,text,true,,62961,119,18,18,https://www.dhakasnob.com/,1106,0,550
1691732232987,1089,HTTP Request,200,OK,Thread Group 1-138,text,true,,62938,119,18,18,https://www.dhakasnob.com/,549,0,0
1691732232268,1884,HTTP Request,200,OK,Thread Group 1-145,text,true,,62961,119,18,18,https://www.dhakasnob.com/,1089,0,542
1691732233131,1074,HTTP Request,200,OK,Thread Group 1-139,text,true,,62938,119,18,18,https://www.dhakasnob.com/,278,0,0
1691732232439,1870,HTTP Request,200,OK,Thread Group 1-146,text,true,,62961,119,17,17,https://www.dhakasnob.com/,1085,0,545
1691732233304,1073,HTTP Request,200,OK,Thread Group 1-140,text,true,,62938,119,18,18,https://www.dhakasnob.com/,277,0,0
1691732232610,1921,HTTP Request,200,OK,Thread Group 1-147,text,true,,62961,119,18,18,https://www.dhakasnob.com/,1114,0,550
1691732233502,1088,HTTP Request,200,OK,Thread Group 1-141,text,true,,62938,119,18,18,https://www.dhakasnob.com/,282,0,0
1691732232781,1899,HTTP Request,200,OK,Thread Group 1-148,text,true,,62961,119,18,18,https://www.dhakasnob.com/,1095,0,545
1691732233682,1092,HTTP Request,200,OK,Thread Group 1-142,text,true,,62938,119,18,18,https://www.dhakasnob.com/,282,0,0
1691732232953,1893,HTTP Request,200,OK,Thread Group 1-149,text,true,,62961,119,18,18,https://www.dhakasnob.com/,1095,0,545
1691732233820,1076,HTTP Request,200,OK,Thread Group 1-143,text,true,,62938,119,18,18,https://www.dhakasnob.com/,278,0,0
1691732233122,1885,HTTP Request,200,OK,Thread Group 1-150,text,true,,62961,119,18,18,https://www.dhakasnob.com/,1089,0,545
1691732234013,1094,HTTP Request,200,OK,Thread Group 1-144,text,true,,62938,119,18,18,https://www.dhakasnob.com/,284,0,0
1691732233294,1921,HTTP Request,200,OK,Thread Group 1-151,text,true,,62961,119,18,18,https://www.dhakasnob.com/,1111,0,555
1691732234152,1072,HTTP Request,200,OK,Thread Group 1-145,text,true,,62938,119,18,18,https://www.dhakasnob.com/,541,0,0
1691732233465,1851,HTTP Request,200,OK,Thread Group 1-152,text,true,,62961,119,17,17,https://www.dhakasnob.com/,1069,0,534
1691732234310,1058,HTTP Request,200,OK,Thread Group 1-146,text,true,,62938,119,18,18,https://www.dhakasnob.com/,273,0,0
1691732233637,1907,HTTP Request,200,OK,Thread Group 1-153,text,true,,62961,119,18,18,https://www.dhakasnob.com/,1100,0,549
1691732234532,1089,HTTP Request,200,OK,Thread Group 1-147,text,true,,62938,119,18,18,https://www.dhakasnob.com/,550,0,0
1691732233807,1890,HTTP Request,200,OK,Thread Group 1-154,text,true,,62961,119,18,18,https://www.dhakasnob.com/,1091,0,543
1691732234681,1086,HTTP Request,200,OK,Thread Group 1-148,text,true,,62938,119,18,18,https://www.dhakasnob.com/,282,0,0
1691732233977,1893,HTTP Request,200,OK,Thread Group 1-155,text,true,,62961,119,18,18,https://www.dhakasnob.com/,1095,0,545
1691732234847,1078,HTTP Request,200,OK,Thread Group 1-149,text,true,,62938,119,18,18,https://www.dhakasnob.com/,280,0,0
1691732234148,1862,HTTP Request,200,OK,Thread Group 1-156,text,true,,62961,119,17,17,https://www.dhakasnob.com/,1077,0,536
1691732235008,1073,HTTP Request,200,OK,Thread Group 1-150,text,true,,62938,119,18,18,https://www.dhakasnob.com/,277,0,0
1691732234321,1910,HTTP Request,200,OK,Thread Group 1-157,text,true,,62961,119,18,18,https://www.dhakasnob.com/,1103,0,551
1691732235216,1091,HTTP Request,200,OK,Thread Group 1-151,text,true,,62938,119,18,18,https://www.dhakasnob.com/,283,0,0
1691732235317,1056,HTTP Request,200,OK,Thread Group 1-152,text,true,,62938,119,18,18,https://www.dhakasnob.com/,274,0,0
1691732234492,1895,HTTP Request,200,OK,Thread Group 1-158,text,true,,62961,119,17,17,https://www.dhakasnob.com/,1095,0,547
1691732234663,1917,HTTP Request,200,OK,Thread Group 1-159,text,true,,62961,119,18,18,https://www.dhakasnob.com/,1110,0,555
1691732235545,1090,HTTP Request,200,OK,Thread Group 1-153,text,true,,62938,119,18,18,https://www.dhakasnob.com/,551,0,0
1691732234833,1882,HTTP Request,200,OK,Thread Group 1-160,text,true,,62961,119,18,18,https://www.dhakasnob.com/,1090,0,544
1691732235698,1076,HTTP Request,200,OK,Thread Group 1-154,text,true,,62938,119,18,18,https://www.dhakasnob.com/,278,0,0
1691732235004,1918,HTTP Request,200,OK,Thread Group 1-161,text,true,,62961,119,18,18,https://www.dhakasnob.com/,1111,0,557
1691732235871,1076,HTTP Request,200,OK,Thread Group 1-155,text,true,,62938,119,18,18,https://www.dhakasnob.com/,279,0,0
1691732235176,1859,HTTP Request,200,OK,Thread Group 1-162,text,true,,62961,119,17,17,https://www.dhakasnob.com/,1074,0,535
1691732236010,1057,HTTP Request,200,OK,Thread Group 1-156,text,true,,62938,119,18,18,https://www.dhakasnob.com/,273,0,0
1691732235351,1859,HTTP Request,200,OK,Thread Group 1-163,text,true,,62961,119,17,17,https://www.dhakasnob.com/,1075,0,538
1691732236232,1089,HTTP Request,200,OK,Thread Group 1-157,text,true,,62938,119,18,18,https://www.dhakasnob.com/,283,0,0
1691732235516,1913,HTTP Request,200,OK,Thread Group 1-164,text,true,,62961,119,18,18,https://www.dhakasnob.com/,1104,0,550
1691732236388,1076,HTTP Request,200,OK,Thread Group 1-158,text,true,,62938,119,18,18,https://www.dhakasnob.com/,542,0,0
1691732235688,1874,HTTP Request,200,OK,Thread Group 1-165,text,true,,62961,119,17,17,https://www.dhakasnob.com/,1081,0,539
1691732236581,1088,HTTP Request,200,OK,Thread Group 1-159,text,true,,62938,119,18,18,https://www.dhakasnob.com/,282,0,0
1691732235859,1914,HTTP Request,200,OK,Thread Group 1-166,text,true,,62961,119,18,18,https://www.dhakasnob.com/,1107,0,548
1691732236716,1074,HTTP Request,200,OK,Thread Group 1-160,text,true,,62938,119,18,18,https://www.dhakasnob.com/,539,0,0
1691732236923,1102,HTTP Request,200,OK,Thread Group 1-161,text,true,,62938,119,18,18,https://www.dhakasnob.com/,553,0,0
1691732237035,1061,HTTP Request,200,OK,Thread Group 1-162,text,true,,62938,119,18,18,https://www.dhakasnob.com/,276,0,0
1691732236199,1923,HTTP Request,200,OK,Thread Group 1-168,text,true,,62961,119,17,17,https://www.dhakasnob.com/,1112,0,554
1691732236029,2153,HTTP Request,200,OK,Thread Group 1-167,text,true,,62961,119,17,17,https://www.dhakasnob.com/,1623,0,543
1691732237210,1059,HTTP Request,200,OK,Thread Group 1-163,text,true,,62938,119,18,18,https://www.dhakasnob.com/,535,0,0
1691732236374,1927,HTTP Request,200,OK,Thread Group 1-169,text,true,,62961,119,17,17,https://www.dhakasnob.com/,1119,0,553
1691732236544,1912,HTTP Request,200,OK,Thread Group 1-170,text,true,,62961,119,18,18,https://www.dhakasnob.com/,1106,0,549
1691732237430,1094,HTTP Request,200,OK,Thread Group 1-164,text,true,,62938,119,18,18,https://www.dhakasnob.com/,288,0,0
1691732236713,1916,HTTP Request,200,OK,Thread Group 1-171,text,true,,62961,119,18,18,https://www.dhakasnob.com/,1109,0,553
1691732237562,1071,HTTP Request,200,OK,Thread Group 1-165,text,true,,62938,119,18,18,https://www.dhakasnob.com/,540,0,0
1691732236886,1854,HTTP Request,200,OK,Thread Group 1-172,text,true,,62961,119,17,17,https://www.dhakasnob.com/,1073,0,530
1691732237773,1089,HTTP Request,200,OK,Thread Group 1-166,text,true,,62938,119,18,18,https://www.dhakasnob.com/,550,0,0
1691732237057,1861,HTTP Request,200,OK,Thread Group 1-173,text,true,,62961,119,17,17,https://www.dhakasnob.com/,1079,0,534
1691732237225,1886,HTTP Request,200,OK,Thread Group 1-174,text,true,,62961,119,19,19,https://www.dhakasnob.com/,1089,0,542
1691732238123,1093,HTTP Request,200,OK,Thread Group 1-168,text,true,,62938,119,19,19,https://www.dhakasnob.com/,283,0,0
1691732237398,1912,HTTP Request,200,OK,Thread Group 1-175,text,true,,62961,119,19,19,https://www.dhakasnob.com/,1103,0,550
1691732238301,1096,HTTP Request,200,OK,Thread Group 1-169,text,true,,62938,119,19,19,https://www.dhakasnob.com/,290,0,0
1691732237570,1898,HTTP Request,200,OK,Thread Group 1-176,text,true,,62961,119,19,19,https://www.dhakasnob.com/,1098,0,546
1691732238183,1337,HTTP Request,200,OK,Thread Group 1-167,text,true,,62938,119,19,19,https://www.dhakasnob.com/,542,0,0
1691732238456,1088,HTTP Request,200,OK,Thread Group 1-170,text,true,,62938,119,18,18,https://www.dhakasnob.com/,282,0,0
1691732237740,1911,HTTP Request,200,OK,Thread Group 1-177,text,true,,62961,119,18,18,https://www.dhakasnob.com/,1105,0,549
1691732238630,1089,HTTP Request,200,OK,Thread Group 1-171,text,true,,62938,119,18,18,https://www.dhakasnob.com/,281,0,0
1691732238741,1059,HTTP Request,200,OK,Thread Group 1-172,text,true,,62938,119,18,18,https://www.dhakasnob.com/,536,0,0
1691732237909,1893,HTTP Request,200,OK,Thread Group 1-178,text,true,,62961,119,17,17,https://www.dhakasnob.com/,1092,0,544
1691732238919,1056,HTTP Request,200,OK,Thread Group 1-173,text,true,,62938,119,18,18,https://www.dhakasnob.com/,274,0,0
1691732238082,1922,HTTP Request,200,OK,Thread Group 1-179,text,true,,62961,119,17,17,https://www.dhakasnob.com/,1113,0,554
1691732238253,1886,HTTP Request,200,OK,Thread Group 1-180,text,true,,62961,119,18,18,https://www.dhakasnob.com/,1090,0,541
1691732239111,1073,HTTP Request,200,OK,Thread Group 1-174,text,true,,62938,119,18,18,https://www.dhakasnob.com/,278,0,0
1691732238425,1916,HTTP Request,200,OK,Thread Group 1-181,text,true,,62961,119,18,18,https://www.dhakasnob.com/,1108,0,551
1691732239311,1087,HTTP Request,200,OK,Thread Group 1-175,text,true,,62938,119,18,18,https://www.dhakasnob.com/,284,0,0
1691732238596,1896,HTTP Request,200,OK,Thread Group 1-182,text,true,,62961,119,18,18,https://www.dhakasnob.com/,1097,0,547
1691732239470,1081,HTTP Request,200,OK,Thread Group 1-176,text,true,,62938,119,18,18,https://www.dhakasnob.com/,545,0,0
1691732238767,1869,HTTP Request,200,OK,Thread Group 1-183,text,true,,62961,119,17,17,https://www.dhakasnob.com/,1084,0,540
1691732239651,1089,HTTP Request,200,OK,Thread Group 1-177,text,true,,62938,119,18,18,https://www.dhakasnob.com/,550,0,0
1691732238938,1864,HTTP Request,200,OK,Thread Group 1-184,text,true,,62961,119,17,17,https://www.dhakasnob.com/,1079,0,538
1691732239803,1078,HTTP Request,200,OK,Thread Group 1-178,text,true,,62938,119,18,18,https://www.dhakasnob.com/,545,0,0
1691732239109,1911,HTTP Request,200,OK,Thread Group 1-185,text,true,,62961,119,18,18,https://www.dhakasnob.com/,1105,0,549
1691732240004,1097,HTTP Request,200,OK,Thread Group 1-179,text,true,,62938,119,18,18,https://www.dhakasnob.com/,288,0,0
1691732239279,1915,HTTP Request,200,OK,Thread Group 1-186,text,true,,62961,119,18,18,https://www.dhakasnob.com/,1108,0,552
1691732240140,1075,HTTP Request,200,OK,Thread Group 1-180,text,true,,62938,119,18,18,https://www.dhakasnob.com/,286,0,0
1691732239451,1913,HTTP Request,200,OK,Thread Group 1-187,text,true,,62961,119,18,18,https://www.dhakasnob.com/,1104,0,548
1691732240342,1092,HTTP Request,200,OK,Thread Group 1-181,text,true,,62938,119,18,18,https://www.dhakasnob.com/,284,0,0
1691732239621,1913,HTTP Request,200,OK,Thread Group 1-188,text,true,,62961,119,18,18,https://www.dhakasnob.com/,1106,0,551
1691732240492,1079,HTTP Request,200,OK,Thread Group 1-182,text,true,,62938,119,18,18,https://www.dhakasnob.com/,280,0,0
1691732239793,1893,HTTP Request,200,OK,Thread Group 1-189,text,true,,62961,119,18,18,https://www.dhakasnob.com/,1095,0,545
1691732240637,1062,HTTP Request,200,OK,Thread Group 1-183,text,true,,62938,119,18,18,https://www.dhakasnob.com/,535,0,0
1691732240803,1064,HTTP Request,200,OK,Thread Group 1-184,text,true,,62938,119,18,18,https://www.dhakasnob.com/,277,0,0
1691732239962,1918,HTTP Request,200,OK,Thread Group 1-190,text,true,,62961,119,17,17,https://www.dhakasnob.com/,1108,0,551
1691732240137,1918,HTTP Request,200,OK,Thread Group 1-191,text,true,,62961,119,18,18,https://www.dhakasnob.com/,1107,0,550
1691732241020,1088,HTTP Request,200,OK,Thread Group 1-185,text,true,,62938,119,18,18,https://www.dhakasnob.com/,282,0,0
1691732240309,1853,HTTP Request,200,OK,Thread Group 1-192,text,true,,62961,119,17,17,https://www.dhakasnob.com/,1071,0,533
1691732241195,1089,HTTP Request,200,OK,Thread Group 1-186,text,true,,62938,119,18,18,https://www.dhakasnob.com/,282,0,0
1691732240474,1862,HTTP Request,200,OK,Thread Group 1-193,text,true,,62961,119,17,17,https://www.dhakasnob.com/,1078,0,539
1691732241364,1094,HTTP Request,200,OK,Thread Group 1-187,text,true,,62938,119,18,18,https://www.dhakasnob.com/,552,0,0
1691732240648,1871,HTTP Request,200,OK,Thread Group 1-194,text,true,,62961,119,17,17,https://www.dhakasnob.com/,1086,0,539
1691732241535,1092,HTTP Request,200,OK,Thread Group 1-188,text,true,,62938,119,18,18,https://www.dhakasnob.com/,284,0,0
1691732240818,1949,HTTP Request,200,OK,Thread Group 1-195,text,true,,62961,119,18,18,https://www.dhakasnob.com/,1129,0,560
1691732241687,1082,HTTP Request,200,OK,Thread Group 1-189,text,true,,62938,119,18,18,https://www.dhakasnob.com/,283,0,0
1691732241881,1094,HTTP Request,200,OK,Thread Group 1-190,text,true,,62938,119,18,18,https://www.dhakasnob.com/,285,0,0
1691732241160,1918,HTTP Request,200,OK,Thread Group 1-197,text,true,,62961,119,18,18,https://www.dhakasnob.com/,1110,0,553
1691732240990,2167,HTTP Request,200,OK,Thread Group 1-196,text,true,,62961,119,18,18,https://www.dhakasnob.com/,1113,0,554
1691732242055,1134,HTTP Request,200,OK,Thread Group 1-191,text,true,,62938,119,18,18,https://www.dhakasnob.com/,553,0,0
1691732241333,1866,HTTP Request,200,OK,Thread Group 1-198,text,true,,62961,119,17,17,https://www.dhakasnob.com/,1081,0,537
1691732242163,1057,HTTP Request,200,OK,Thread Group 1-192,text,true,,62938,119,18,18,https://www.dhakasnob.com/,275,0,0
1691732242337,1060,HTTP Request,200,OK,Thread Group 1-193,text,true,,62938,119,18,18,https://www.dhakasnob.com/,273,0,0
1691732241504,1917,HTTP Request,200,OK,Thread Group 1-199,text,true,,62961,119,17,17,https://www.dhakasnob.com/,1110,0,551
1691732241672,1858,HTTP Request,200,OK,Thread Group 1-200,text,true,,62961,119,17,17,https://www.dhakasnob.com/,1074,0,537
1691732242520,1060,HTTP Request,200,OK,Thread Group 1-194,text,true,,62938,119,18,18,https://www.dhakasnob.com/,273,0,0
1691732241845,1889,HTTP Request,200,OK,Thread Group 1-201,text,true,,62961,119,18,18,https://www.dhakasnob.com/,1093,0,544
1691732242016,1856,HTTP Request,200,OK,Thread Group 1-202,text,true,,62961,119,18,18,https://www.dhakasnob.com/,1074,0,534
1691732242768,1106,HTTP Request,200,OK,Thread Group 1-195,text,true,,62938,119,18,18,https://www.dhakasnob.com/,285,0,0
1691732242187,1911,HTTP Request,200,OK,Thread Group 1-203,text,true,,62961,119,19,19,https://www.dhakasnob.com/,1104,0,552
1691732243079,1091,HTTP Request,200,OK,Thread Group 1-197,text,true,,62938,119,19,19,https://www.dhakasnob.com/,282,0,0
1691732243200,1059,HTTP Request,200,OK,Thread Group 1-198,text,true,,62938,119,19,19,https://www.dhakasnob.com/,274,0,0
1691732242357,1914,HTTP Request,200,OK,Thread Group 1-204,text,true,,62961,119,18,18,https://www.dhakasnob.com/,1107,0,552
1691732242527,1918,HTTP Request,200,OK,Thread Group 1-205,text,true,,62961,119,19,19,https://www.dhakasnob.com/,1112,0,558
1691732243422,1089,HTTP Request,200,OK,Thread Group 1-199,text,true,,62938,119,19,19,https://www.dhakasnob.com/,282,0,0
1691732243158,1357,HTTP Request,200,OK,Thread Group 1-196,text,true,,62938,119,18,18,https://www.dhakasnob.com/,550,0,0
1691732243530,1075,HTTP Request,200,OK,Thread Group 1-200,text,true,,62938,119,18,18,https://www.dhakasnob.com/,551,0,0
1691732242700,1926,HTTP Request,200,OK,Thread Group 1-206,text,true,,62961,119,17,17,https://www.dhakasnob.com/,1119,0,551
1691732242871,1919,HTTP Request,200,OK,Thread Group 1-207,text,true,,62961,119,18,18,https://www.dhakasnob.com/,1109,0,551
1691732243734,1087,HTTP Request,200,OK,Thread Group 1-201,text,true,,62938,119,18,18,https://www.dhakasnob.com/,285,0,0
1691732243873,1064,HTTP Request,200,OK,Thread Group 1-202,text,true,,62938,119,18,18,https://www.dhakasnob.com/,282,0,0
1691732243041,1923,HTTP Request,200,OK,Thread Group 1-208,text,true,,62961,119,17,17,https://www.dhakasnob.com/,1113,0,554
1691732243212,1869,HTTP Request,200,OK,Thread Group 1-209,text,true,,62961,119,17,17,https://www.dhakasnob.com/,1074,0,532
1691732244098,1091,HTTP Request,200,OK,Thread Group 1-203,text,true,,62938,119,18,18,https://www.dhakasnob.com/,285,0,0
1691732243384,1927,HTTP Request,200,OK,Thread Group 1-210,text,true,,62961,119,18,18,https://www.dhakasnob.com/,1117,0,553
1691732244271,1090,HTTP Request,200,OK,Thread Group 1-204,text,true,,62938,119,18,18,https://www.dhakasnob.com/,284,0,0
1691732243555,1921,HTTP Request,200,OK,Thread Group 1-211,text,true,,62961,119,18,18,https://www.dhakasnob.com/,1110,0,553
1691732244446,1092,HTTP Request,200,OK,Thread Group 1-205,text,true,,62938,119,18,18,https://www.dhakasnob.com/,553,0,0
1691732243725,1916,HTTP Request,200,OK,Thread Group 1-212,text,true,,62961,119,18,18,https://www.dhakasnob.com/,1110,0,553
1691732244627,1098,HTTP Request,200,OK,Thread Group 1-206,text,true,,62938,119,18,18,https://www.dhakasnob.com/,291,0,0
1691732243897,1914,HTTP Request,200,OK,Thread Group 1-213,text,true,,62961,119,18,18,https://www.dhakasnob.com/,1107,0,548
1691732244790,1093,HTTP Request,200,OK,Thread Group 1-207,text,true,,62938,119,18,18,https://www.dhakasnob.com/,553,0,0
1691732244069,1862,HTTP Request,200,OK,Thread Group 1-214,text,true,,62961,119,17,17,https://www.dhakasnob.com/,1078,0,537
1691732244965,1090,HTTP Request,200,OK,Thread Group 1-208,text,true,,62938,119,18,18,https://www.dhakasnob.com/,550,0,0
1691732245082,1060,HTTP Request,200,OK,Thread Group 1-209,text,true,,62938,119,18,18,https://www.dhakasnob.com/,275,0,0
1691732244238,1909,HTTP Request,200,OK,Thread Group 1-215,text,true,,62961,119,17,17,https://www.dhakasnob.com/,1103,0,547
1691732244410,1923,HTTP Request,200,OK,Thread Group 1-216,text,true,,62961,119,18,18,https://www.dhakasnob.com/,1114,0,556
1691732245312,1091,HTTP Request,200,OK,Thread Group 1-210,text,true,,62938,119,18,18,https://www.dhakasnob.com/,283,0,0
1691732244581,1884,HTTP Request,200,OK,Thread Group 1-217,text,true,,62961,119,18,18,https://www.dhakasnob.com/,1087,0,540
1691732245477,1090,HTTP Request,200,OK,Thread Group 1-211,text,true,,62938,119,18,18,https://www.dhakasnob.com/,551,0,0
1691732244750,1862,HTTP Request,200,OK,Thread Group 1-218,text,true,,62961,119,17,17,https://www.dhakasnob.com/,1078,0,535
1691732245642,1091,HTTP Request,200,OK,Thread Group 1-212,text,true,,62938,119,18,18,https://www.dhakasnob.com/,284,0,0
1691732244922,1924,HTTP Request,200,OK,Thread Group 1-219,text,true,,62961,119,18,18,https://www.dhakasnob.com/,1114,0,553
1691732245812,1090,HTTP Request,200,OK,Thread Group 1-213,text,true,,62938,119,18,18,https://www.dhakasnob.com/,282,0,0
1691732245093,1898,HTTP Request,200,OK,Thread Group 1-220,text,true,,62961,119,18,18,https://www.dhakasnob.com/,1100,0,546
1691732245932,1067,HTTP Request,200,OK,Thread Group 1-214,text,true,,62938,119,18,18,https://www.dhakasnob.com/,533,0,0
1691732245265,1895,HTTP Request,200,OK,Thread Group 1-221,text,true,,62961,119,18,18,https://www.dhakasnob.com/,1096,0,545
1691732246148,1087,HTTP Request,200,OK,Thread Group 1-215,text,true,,62938,119,18,18,https://www.dhakasnob.com/,281,0,0
1691732245436,1892,HTTP Request,200,OK,Thread Group 1-222,text,true,,62961,119,18,18,https://www.dhakasnob.com/,1093,0,545
1691732246334,1093,HTTP Request,200,OK,Thread Group 1-216,text,true,,62938,119,18,18,https://www.dhakasnob.com/,551,0,0
1691732246466,1075,HTTP Request,200,OK,Thread Group 1-217,text,true,,62938,119,18,18,https://www.dhakasnob.com/,542,0,0
1691732245606,1997,HTTP Request,200,OK,Thread Group 1-223,text,true,,62961,119,17,17,https://www.dhakasnob.com/,1108,0,553
1691732245777,1894,HTTP Request,200,OK,Thread Group 1-224,text,true,,62961,119,18,18,https://www.dhakasnob.com/,1096,0,546
1691732246613,1059,HTTP Request,200,OK,Thread Group 1-218,text,true,,62938,119,18,18,https://www.dhakasnob.com/,535,0,0
1691732245947,1900,HTTP Request,200,OK,Thread Group 1-225,text,true,,62961,119,18,18,https://www.dhakasnob.com/,1096,0,545
1691732246847,1102,HTTP Request,200,OK,Thread Group 1-219,text,true,,62938,119,18,18,https://www.dhakasnob.com/,283,0,0
1691732246119,1908,HTTP Request,200,OK,Thread Group 1-226,text,true,,62961,119,18,18,https://www.dhakasnob.com/,1101,0,550
1691732246992,1076,HTTP Request,200,OK,Thread Group 1-220,text,true,,62938,119,18,18,https://www.dhakasnob.com/,279,0,0
1691732246291,1895,HTTP Request,200,OK,Thread Group 1-227,text,true,,62961,119,18,18,https://www.dhakasnob.com/,1097,0,549
1691732247161,1075,HTTP Request,200,OK,Thread Group 1-221,text,true,,62938,119,18,18,https://www.dhakasnob.com/,278,0,0
1691732247328,1076,HTTP Request,200,OK,Thread Group 1-222,text,true,,62938,119,18,18,https://www.dhakasnob.com/,543,0,0
1691732246630,1896,HTTP Request,200,OK,Thread Group 1-229,text,true,,62961,119,18,18,https://www.dhakasnob.com/,1094,0,545
1691732246462,2128,HTTP Request,200,OK,Thread Group 1-228,text,true,,62961,119,18,18,https://www.dhakasnob.com/,1083,0,538
1691732246802,1919,HTTP Request,200,OK,Thread Group 1-230,text,true,,62961,119,19,19,https://www.dhakasnob.com/,1108,0,554
1691732247672,1074,HTTP Request,200,OK,Thread Group 1-224,text,true,,62938,119,19,19,https://www.dhakasnob.com/,277,0,0
1691732246973,1860,HTTP Request,200,OK,Thread Group 1-231,text,true,,62961,119,18,18,https://www.dhakasnob.com/,1075,0,536
1691732247848,1086,HTTP Request,200,OK,Thread Group 1-225,text,true,,62938,119,19,19,https://www.dhakasnob.com/,548,0,0
1691732247604,1361,HTTP Request,200,OK,Thread Group 1-223,text,true,,62938,119,18,18,https://www.dhakasnob.com/,550,0,0
1691732247145,1904,HTTP Request,200,OK,Thread Group 1-232,text,true,,62961,119,18,18,https://www.dhakasnob.com/,1103,0,544
1691732248028,1099,HTTP Request,200,OK,Thread Group 1-226,text,true,,62938,119,18,18,https://www.dhakasnob.com/,285,0,0
1691732247316,1892,HTTP Request,200,OK,Thread Group 1-233,text,true,,62961,119,18,18,https://www.dhakasnob.com/,1096,0,545
1691732248187,1076,HTTP Request,200,OK,Thread Group 1-227,text,true,,62938,119,18,18,https://www.dhakasnob.com/,278,0,0
1691732247487,1903,HTTP Request,200,OK,Thread Group 1-234,text,true,,62961,119,18,18,https://www.dhakasnob.com/,1090,0,540
1691732247657,1912,HTTP Request,200,OK,Thread Group 1-235,text,true,,62961,119,19,19,https://www.dhakasnob.com/,1105,0,551
1691732248527,1076,HTTP Request,200,OK,Thread Group 1-229,text,true,,62938,119,19,19,https://www.dhakasnob.com/,279,0,0
1691732247830,1915,HTTP Request,200,OK,Thread Group 1-236,text,true,,62961,119,19,19,https://www.dhakasnob.com/,1105,0,549
1691732248721,1093,HTTP Request,200,OK,Thread Group 1-230,text,true,,62938,119,19,19,https://www.dhakasnob.com/,283,0,0
1691732248833,1057,HTTP Request,200,OK,Thread Group 1-231,text,true,,62938,119,19,19,https://www.dhakasnob.com/,272,0,0
1691732247998,1910,HTTP Request,200,OK,Thread Group 1-237,text,true,,62961,119,18,18,https://www.dhakasnob.com/,1102,0,550
1691732248591,1320,HTTP Request,200,OK,Thread Group 1-228,text,true,,62938,119,18,18,https://www.dhakasnob.com/,534,0,0
1691732248171,1935,HTTP Request,200,OK,Thread Group 1-238,text,true,,62961,119,18,18,https://www.dhakasnob.com/,1117,0,557
1691732249050,1083,HTTP Request,200,OK,Thread Group 1-232,text,true,,62938,119,18,18,https://www.dhakasnob.com/,282,0,0
1691732248342,1911,HTTP Request,200,OK,Thread Group 1-239,text,true,,62961,119,18,18,https://www.dhakasnob.com/,1104,0,552
1691732249208,1073,HTTP Request,200,OK,Thread Group 1-233,text,true,,62938,119,18,18,https://www.dhakasnob.com/,542,0,0
1691732248513,1875,HTTP Request,200,OK,Thread Group 1-240,text,true,,62961,119,17,17,https://www.dhakasnob.com/,1082,0,536
1691732249391,1075,HTTP Request,200,OK,Thread Group 1-234,text,true,,62938,119,18,18,https://www.dhakasnob.com/,277,0,0
1691732248683,1893,HTTP Request,200,OK,Thread Group 1-241,text,true,,62961,119,18,18,https://www.dhakasnob.com/,1094,0,546
1691732249569,1086,HTTP Request,200,OK,Thread Group 1-235,text,true,,62938,119,18,18,https://www.dhakasnob.com/,280,0,0
1691732248857,1917,HTTP Request,200,OK,Thread Group 1-242,text,true,,62961,119,18,18,https://www.dhakasnob.com/,1107,0,552
1691732249746,1091,HTTP Request,200,OK,Thread Group 1-236,text,true,,62938,119,18,18,https://www.dhakasnob.com/,548,0,0
1691732249026,1912,HTTP Request,200,OK,Thread Group 1-243,text,true,,62961,119,18,18,https://www.dhakasnob.com/,1107,0,544
1691732249909,1086,HTTP Request,200,OK,Thread Group 1-237,text,true,,62938,119,18,18,https://www.dhakasnob.com/,547,0,0
1691732249196,1919,HTTP Request,200,OK,Thread Group 1-244,text,true,,62961,119,18,18,https://www.dhakasnob.com/,1110,0,554
1691732250108,1101,HTTP Request,200,OK,Thread Group 1-238,text,true,,62938,119,18,18,https://www.dhakasnob.com/,555,0,0
1691732249368,1905,HTTP Request,200,OK,Thread Group 1-245,text,true,,62961,119,18,18,https://www.dhakasnob.com/,1099,0,547
1691732250254,1089,HTTP Request,200,OK,Thread Group 1-239,text,true,,62938,119,18,18,https://www.dhakasnob.com/,550,0,0
1691732249538,1907,HTTP Request,200,OK,Thread Group 1-246,text,true,,62961,119,18,18,https://www.dhakasnob.com/,1101,0,549
1691732250389,1059,HTTP Request,200,OK,Thread Group 1-240,text,true,,62938,119,18,18,https://www.dhakasnob.com/,274,0,0
1691732249712,1889,HTTP Request,200,OK,Thread Group 1-247,text,true,,62961,119,18,18,https://www.dhakasnob.com/,1093,0,543
1691732250577,1076,HTTP Request,200,OK,Thread Group 1-241,text,true,,62938,119,18,18,https://www.dhakasnob.com/,277,0,0
1691732249881,1855,HTTP Request,200,OK,Thread Group 1-248,text,true,,62961,119,17,17,https://www.dhakasnob.com/,1073,0,535
1691732250775,1090,HTTP Request,200,OK,Thread Group 1-242,text,true,,62938,119,18,18,https://www.dhakasnob.com/,281,0,0
1691732250050,1918,HTTP Request,200,OK,Thread Group 1-249,text,true,,62961,119,18,18,https://www.dhakasnob.com/,1109,0,553
1691732250938,1087,HTTP Request,200,OK,Thread Group 1-243,text,true,,62938,119,18,18,https://www.dhakasnob.com/,283,0,0
1691732250222,1859,HTTP Request,200,OK,Thread Group 1-250,text,true,,62961,119,17,17,https://www.dhakasnob.com/,1073,0,537
1691732251116,1094,HTTP Request,200,OK,Thread Group 1-244,text,true,,62938,119,18,18,https://www.dhakasnob.com/,284,0,0
1691732250395,1914,HTTP Request,200,OK,Thread Group 1-251,text,true,,62961,119,18,18,https://www.dhakasnob.com/,1108,0,551
1691732251274,1089,HTTP Request,200,OK,Thread Group 1-245,text,true,,62938,119,18,18,https://www.dhakasnob.com/,551,0,0
1691732250565,1899,HTTP Request,200,OK,Thread Group 1-252,text,true,,62961,119,18,18,https://www.dhakasnob.com/,1099,0,548
1691732251446,1094,HTTP Request,200,OK,Thread Group 1-246,text,true,,62938,119,18,18,https://www.dhakasnob.com/,555,0,0
1691732250736,1896,HTTP Request,200,OK,Thread Group 1-253,text,true,,62961,119,18,18,https://www.dhakasnob.com/,1097,0,549
1691732251602,1074,HTTP Request,200,OK,Thread Group 1-247,text,true,,62938,119,18,18,https://www.dhakasnob.com/,279,0,0
1691732251737,1057,HTTP Request,200,OK,Thread Group 1-248,text,true,,62938,119,18,18,https://www.dhakasnob.com/,276,0,0
1691732250908,1894,HTTP Request,200,OK,Thread Group 1-254,text,true,,62961,119,17,17,https://www.dhakasnob.com/,1098,0,548
1691732251079,1867,HTTP Request,200,OK,Thread Group 1-255,text,true,,62961,119,17,17,https://www.dhakasnob.com/,1082,0,541
1691732251969,1093,HTTP Request,200,OK,Thread Group 1-249,text,true,,62938,119,18,18,https://www.dhakasnob.com/,284,0,0
1691732252081,1058,HTTP Request,200,OK,Thread Group 1-250,text,true,,62938,119,18,18,https://www.dhakasnob.com/,275,0,0
1691732251251,1921,HTTP Request,200,OK,Thread Group 1-256,text,true,,62961,119,17,17,https://www.dhakasnob.com/,1114,0,556
1691732251420,1896,HTTP Request,200,OK,Thread Group 1-257,text,true,,62961,119,18,18,https://www.dhakasnob.com/,1101,0,553
1691732252310,1089,HTTP Request,200,OK,Thread Group 1-251,text,true,,62938,119,18,18,https://www.dhakasnob.com/,550,0,0
1691732251590,1924,HTTP Request,200,OK,Thread Group 1-258,text,true,,62961,119,18,18,https://www.dhakasnob.com/,1115,0,557
1691732252466,1078,HTTP Request,200,OK,Thread Group 1-252,text,true,,62938,119,18,18,https://www.dhakasnob.com/,544,0,0
1691732251762,1945,HTTP Request,200,OK,Thread Group 1-259,text,true,,62961,119,18,18,https://www.dhakasnob.com/,1126,0,555
1691732252633,1078,HTTP Request,200,OK,Thread Group 1-253,text,true,,62938,119,18,18,https://www.dhakasnob.com/,545,0,0
1691732251933,1894,HTTP Request,200,OK,Thread Group 1-260,text,true,,62961,119,18,18,https://www.dhakasnob.com/,1096,0,547
1691732252802,1075,HTTP Request,200,OK,Thread Group 1-254,text,true,,62938,119,18,18,https://www.dhakasnob.com/,279,0,0
1691732252105,1891,HTTP Request,200,OK,Thread Group 1-261,text,true,,62961,119,18,18,https://www.dhakasnob.com/,1090,0,542
1691732252947,1061,HTTP Request,200,OK,Thread Group 1-255,text,true,,62938,119,18,18,https://www.dhakasnob.com/,276,0,0
1691732252277,1898,HTTP Request,200,OK,Thread Group 1-262,text,true,,62961,119,18,18,https://www.dhakasnob.com/,1101,0,554
1691732253173,1090,HTTP Request,200,OK,Thread Group 1-256,text,true,,62938,119,18,18,https://www.dhakasnob.com/,550,0,0
1691732252447,1861,HTTP Request,200,OK,Thread Group 1-263,text,true,,62961,119,17,17,https://www.dhakasnob.com/,1080,0,537
1691732253317,1074,HTTP Request,200,OK,Thread Group 1-257,text,true,,62938,119,18,18,https://www.dhakasnob.com/,543,0,0
1691732252617,1900,HTTP Request,200,OK,Thread Group 1-264,text,true,,62961,119,18,18,https://www.dhakasnob.com/,1102,0,550
1691732253515,1093,HTTP Request,200,OK,Thread Group 1-258,text,true,,62938,119,18,18,https://www.dhakasnob.com/,282,0,0
1691732252787,1913,HTTP Request,200,OK,Thread Group 1-265,text,true,,62961,119,18,18,https://www.dhakasnob.com/,1109,0,546
1691732253707,1105,HTTP Request,200,OK,Thread Group 1-259,text,true,,62938,119,18,18,https://www.dhakasnob.com/,558,0,0
1691732252959,1916,HTTP Request,200,OK,Thread Group 1-266,text,true,,62961,119,18,18,https://www.dhakasnob.com/,1108,0,552
1691732253828,1077,HTTP Request,200,OK,Thread Group 1-260,text,true,,62938,119,18,18,https://www.dhakasnob.com/,279,0,0
1691732253131,1855,HTTP Request,200,OK,Thread Group 1-267,text,true,,62961,119,17,17,https://www.dhakasnob.com/,1071,0,532
1691732253996,1077,HTTP Request,200,OK,Thread Group 1-261,text,true,,62938,119,18,18,https://www.dhakasnob.com/,544,0,0
1691732253301,1889,HTTP Request,200,OK,Thread Group 1-268,text,true,,62961,119,18,18,https://www.dhakasnob.com/,1093,0,545
1691732254176,1073,HTTP Request,200,OK,Thread Group 1-262,text,true,,62938,119,18,18,https://www.dhakasnob.com/,278,0,0
1691732254309,1056,HTTP Request,200,OK,Thread Group 1-263,text,true,,62938,119,18,18,https://www.dhakasnob.com/,274,0,0
1691732253472,1917,HTTP Request,200,OK,Thread Group 1-269,text,true,,62961,119,17,17,https://www.dhakasnob.com/,1108,0,552
1691732253643,1914,HTTP Request,200,OK,Thread Group 1-270,text,true,,62961,119,18,18,https://www.dhakasnob.com/,1107,0,552
1691732254517,1078,HTTP Request,200,OK,Thread Group 1-264,text,true,,62938,119,18,18,https://www.dhakasnob.com/,279,0,0
1691732253815,1913,HTTP Request,200,OK,Thread Group 1-271,text,true,,62961,119,18,18,https://www.dhakasnob.com/,1107,0,551
1691732254701,1085,HTTP Request,200,OK,Thread Group 1-265,text,true,,62938,119,18,18,https://www.dhakasnob.com/,548,0,0
1691732253985,1928,HTTP Request,200,OK,Thread Group 1-272,text,true,,62961,119,18,18,https://www.dhakasnob.com/,1112,0,555
1691732254876,1089,HTTP Request,200,OK,Thread Group 1-266,text,true,,62938,119,18,18,https://www.dhakasnob.com/,550,0,0
1691732254156,1857,HTTP Request,200,OK,Thread Group 1-273,text,true,,62961,119,17,17,https://www.dhakasnob.com/,1074,0,535
1691732254987,1060,HTTP Request,200,OK,Thread Group 1-267,text,true,,62938,119,18,18,https://www.dhakasnob.com/,535,0,0
1691732254328,1912,HTTP Request,200,OK,Thread Group 1-274,text,true,,62961,119,18,18,https://www.dhakasnob.com/,1105,0,551
1691732255190,1075,HTTP Request,200,OK,Thread Group 1-268,text,true,,62938,119,18,18,https://www.dhakasnob.com/,278,0,0
1691732254498,1888,HTTP Request,200,OK,Thread Group 1-275,text,true,,62961,119,18,18,https://www.dhakasnob.com/,1092,0,545
1691732255390,1094,HTTP Request,200,OK,Thread Group 1-269,text,true,,62938,119,18,18,https://www.dhakasnob.com/,282,0,0
1691732254668,1860,HTTP Request,200,OK,Thread Group 1-276,text,true,,62961,119,17,17,https://www.dhakasnob.com/,1075,0,536
1691732255558,1089,HTTP Request,200,OK,Thread Group 1-270,text,true,,62938,119,18,18,https://www.dhakasnob.com/,550,0,0
1691732254841,1907,HTTP Request,200,OK,Thread Group 1-277,text,true,,62961,119,18,18,https://www.dhakasnob.com/,1100,0,544
1691732255729,1091,HTTP Request,200,OK,Thread Group 1-271,text,true,,62938,119,18,18,https://www.dhakasnob.com/,284,0,0
1691732255011,1916,HTTP Request,200,OK,Thread Group 1-278,text,true,,62961,119,18,18,https://www.dhakasnob.com/,1109,0,551
1691732255914,1096,HTTP Request,200,OK,Thread Group 1-272,text,true,,62938,119,18,18,https://www.dhakasnob.com/,281,0,0
1691732256014,1055,HTTP Request,200,OK,Thread Group 1-273,text,true,,62938,119,18,18,https://www.dhakasnob.com/,532,0,0
1691732255180,1922,HTTP Request,200,OK,Thread Group 1-279,text,true,,62961,119,17,17,https://www.dhakasnob.com/,1112,0,553
1691732255353,1935,HTTP Request,200,OK,Thread Group 1-280,text,true,,62961,119,18,18,https://www.dhakasnob.com/,1125,0,564
1691732256240,1093,HTTP Request,200,OK,Thread Group 1-274,text,true,,62938,119,18,18,https://www.dhakasnob.com/,286,0,0
1691732255525,1906,HTTP Request,200,OK,Thread Group 1-281,text,true,,62961,119,18,18,https://www.dhakasnob.com/,1101,0,550
1691732256387,1074,HTTP Request,200,OK,Thread Group 1-275,text,true,,62938,119,18,18,https://www.dhakasnob.com/,277,0,0
1691732256529,1060,HTTP Request,200,OK,Thread Group 1-276,text,true,,62938,119,18,18,https://www.dhakasnob.com/,275,0,0
1691732255697,1913,HTTP Request,200,OK,Thread Group 1-282,text,true,,62961,119,17,17,https://www.dhakasnob.com/,1107,0,550
1691732255867,1930,HTTP Request,200,OK,Thread Group 1-283,text,true,,62961,119,18,18,https://www.dhakasnob.com/,1116,0,558
1691732256749,1086,HTTP Request,200,OK,Thread Group 1-277,text,true,,62938,119,18,18,https://www.dhakasnob.com/,549,0,0
1691732256037,1894,HTTP Request,200,OK,Thread Group 1-284,text,true,,62961,119,18,18,https://www.dhakasnob.com/,1095,0,547
1691732256927,1089,HTTP Request,200,OK,Thread Group 1-278,text,true,,62938,119,18,18,https://www.dhakasnob.com/,551,0,0
1691732256209,1950,HTTP Request,200,OK,Thread Group 1-285,text,true,,62961,119,18,18,https://www.dhakasnob.com/,1128,0,564
1691732257103,1097,HTTP Request,200,OK,Thread Group 1-279,text,true,,62938,119,18,18,https://www.dhakasnob.com/,282,0,0
1691732256381,1922,HTTP Request,200,OK,Thread Group 1-286,text,true,,62961,119,18,18,https://www.dhakasnob.com/,1111,0,554
1691732257288,1092,HTTP Request,200,OK,Thread Group 1-280,text,true,,62938,119,18,18,https://www.dhakasnob.com/,283,0,0
1691732256550,1917,HTTP Request,200,OK,Thread Group 1-287,text,true,,62961,119,18,18,https://www.dhakasnob.com/,1108,0,551
1691732257432,1085,HTTP Request,200,OK,Thread Group 1-281,text,true,,62938,119,18,18,https://www.dhakasnob.com/,548,0,0
1691732256721,1922,HTTP Request,200,OK,Thread Group 1-288,text,true,,62961,119,18,18,https://www.dhakasnob.com/,1112,0,554
1691732257611,1088,HTTP Request,200,OK,Thread Group 1-282,text,true,,62938,119,18,18,https://www.dhakasnob.com/,281,0,0
1691732256893,1920,HTTP Request,200,OK,Thread Group 1-289,text,true,,62961,119,18,18,https://www.dhakasnob.com/,1110,0,553
1691732257798,1097,HTTP Request,200,OK,Thread Group 1-283,text,true,,62938,119,18,18,https://www.dhakasnob.com/,552,0,0
1691732257065,1885,HTTP Request,200,OK,Thread Group 1-290,text,true,,62961,119,18,18,https://www.dhakasnob.com/,1090,0,544
1691732257933,1074,HTTP Request,200,OK,Thread Group 1-284,text,true,,62938,119,18,18,https://www.dhakasnob.com/,277,0,0
1691732257234,1923,HTTP Request,200,OK,Thread Group 1-291,text,true,,62961,119,18,18,https://www.dhakasnob.com/,1111,0,556
1691732257405,1860,HTTP Request,200,OK,Thread Group 1-292,text,true,,62961,119,18,18,https://www.dhakasnob.com/,1073,0,536
1691732258160,1111,HTTP Request,200,OK,Thread Group 1-285,text,true,,62938,119,18,18,https://www.dhakasnob.com/,286,0,0
1691732258305,1095,HTTP Request,200,OK,Thread Group 1-286,text,true,,62938,119,18,18,https://www.dhakasnob.com/,552,0,0
1691732257577,1867,HTTP Request,200,OK,Thread Group 1-293,text,true,,62961,119,17,17,https://www.dhakasnob.com/,1075,0,536
1691732258468,1100,HTTP Request,200,OK,Thread Group 1-287,text,true,,62938,119,18,18,https://www.dhakasnob.com/,294,0,0
1691732257748,1936,HTTP Request,200,OK,Thread Group 1-294,text,true,,62961,119,18,18,https://www.dhakasnob.com/,1119,0,557
1691732258644,1096,HTTP Request,200,OK,Thread Group 1-288,text,true,,62938,119,18,18,https://www.dhakasnob.com/,303,0,0
1691732257920,1923,HTTP Request,200,OK,Thread Group 1-295,text,true,,62961,119,18,18,https://www.dhakasnob.com/,1115,0,559
1691732258814,1100,HTTP Request,200,OK,Thread Group 1-289,text,true,,62938,119,18,18,https://www.dhakasnob.com/,286,0,0
1691732258952,1073,HTTP Request,200,OK,Thread Group 1-290,text,true,,62938,119,18,18,https://www.dhakasnob.com/,278,0,0
1691732258089,1956,HTTP Request,200,OK,Thread Group 1-296,text,true,,62961,119,17,17,https://www.dhakasnob.com/,1133,0,563
1691732258259,1887,HTTP Request,200,OK,Thread Group 1-297,text,true,,62961,119,18,18,https://www.dhakasnob.com/,1090,0,544
1691732259159,1097,HTTP Request,200,OK,Thread Group 1-291,text,true,,62938,119,18,18,https://www.dhakasnob.com/,285,0,0
1691732259267,1061,HTTP Request,200,OK,Thread Group 1-292,text,true,,62938,119,18,18,https://www.dhakasnob.com/,274,0,0
1691732258432,1919,HTTP Request,200,OK,Thread Group 1-298,text,true,,62961,119,17,17,https://www.dhakasnob.com/,1110,0,554
1691732259446,1066,HTTP Request,200,OK,Thread Group 1-293,text,true,,62938,119,18,18,https://www.dhakasnob.com/,535,0,0
1691732258603,1918,HTTP Request,200,OK,Thread Group 1-299,text,true,,62961,119,17,17,https://www.dhakasnob.com/,1108,0,552
1691732258774,1898,HTTP Request,200,OK,Thread Group 1-300,text,true,,62961,119,18,18,https://www.dhakasnob.com/,1096,0,549
1691732259686,1113,HTTP Request,200,OK,Thread Group 1-294,text,true,,62938,119,18,18,https://www.dhakasnob.com/,295,0,0
1691732258945,1921,HTTP Request,200,OK,Thread Group 1-301,text,true,,62961,119,18,18,https://www.dhakasnob.com/,1111,0,554
1691732259843,1120,HTTP Request,200,OK,Thread Group 1-295,text,true,,62938,119,18,18,https://www.dhakasnob.com/,301,0,0
1691732259117,1924,HTTP Request,200,OK,Thread Group 1-302,text,true,,62961,119,18,18,https://www.dhakasnob.com/,1113,0,556
1691732260045,1113,HTTP Request,200,OK,Thread Group 1-296,text,true,,62938,119,18,18,https://www.dhakasnob.com/,563,0,0
1691732259287,1881,HTTP Request,200,OK,Thread Group 1-303,text,true,,62961,119,18,18,https://www.dhakasnob.com/,1096,0,535
1691732260146,1084,HTTP Request,200,OK,Thread Group 1-297,text,true,,62938,119,18,18,https://www.dhakasnob.com/,280,0,0
1691732259459,1911,HTTP Request,200,OK,Thread Group 1-304,text,true,,62961,119,18,18,https://www.dhakasnob.com/,1105,0,548
1691732260352,1095,HTTP Request,200,OK,Thread Group 1-298,text,true,,62938,119,18,18,https://www.dhakasnob.com/,554,0,0
1691732259629,1921,HTTP Request,200,OK,Thread Group 1-305,text,true,,62961,119,18,18,https://www.dhakasnob.com/,1112,0,553
1691732260521,1092,HTTP Request,200,OK,Thread Group 1-299,text,true,,62938,119,18,18,https://www.dhakasnob.com/,283,0,0
1691732259801,1856,HTTP Request,200,OK,Thread Group 1-306,text,true,,62961,119,17,17,https://www.dhakasnob.com/,1074,0,534
1691732260672,1090,HTTP Request,200,OK,Thread Group 1-300,text,true,,62938,119,18,18,https://www.dhakasnob.com/,290,0,0
1691732259972,1921,HTTP Request,200,OK,Thread Group 1-307,text,true,,62961,119,18,18,https://www.dhakasnob.com/,1112,0,554
1691732260867,1091,HTTP Request,200,OK,Thread Group 1-301,text,true,,62938,119,18,18,https://www.dhakasnob.com/,282,0,0
1691732260141,1898,HTTP Request,200,OK,Thread Group 1-308,text,true,,62961,119,18,18,https://www.dhakasnob.com/,1099,0,547
1691732261041,1097,HTTP Request,200,OK,Thread Group 1-302,text,true,,62938,119,18,18,https://www.dhakasnob.com/,283,0,0
1691732260312,1910,HTTP Request,200,OK,Thread Group 1-309,text,true,,62961,119,18,18,https://www.dhakasnob.com/,1103,0,547
1691732261168,1069,HTTP Request,200,OK,Thread Group 1-303,text,true,,62938,119,18,18,https://www.dhakasnob.com/,275,0,0
1691732260485,1867,HTTP Request,200,OK,Thread Group 1-310,text,true,,62961,119,17,17,https://www.dhakasnob.com/,1080,0,540
1691732261370,1089,HTTP Request,200,OK,Thread Group 1-304,text,true,,62938,119,18,18,https://www.dhakasnob.com/,283,0,0
1691732260655,1917,HTTP Request,200,OK,Thread Group 1-311,text,true,,62961,119,18,18,https://www.dhakasnob.com/,1107,0,553
1691732261550,1091,HTTP Request,200,OK,Thread Group 1-305,text,true,,62938,119,18,18,https://www.dhakasnob.com/,550,0,0
1691732261658,1056,HTTP Request,200,OK,Thread Group 1-306,text,true,,62938,119,18,18,https://www.dhakasnob.com/,532,0,0
1691732260825,1913,HTTP Request,200,OK,Thread Group 1-312,text,true,,62961,119,17,17,https://www.dhakasnob.com/,1106,0,549
1691732260996,1921,HTTP Request,200,OK,Thread Group 1-313,text,true,,62961,119,18,18,https://www.dhakasnob.com/,1111,0,553
1691732261894,1090,HTTP Request,200,OK,Thread Group 1-307,text,true,,62938,119,18,18,https://www.dhakasnob.com/,282,0,0
1691732262040,1079,HTTP Request,200,OK,Thread Group 1-308,text,true,,62938,119,18,18,https://www.dhakasnob.com/,546,0,0
1691732261337,1865,HTTP Request,200,OK,Thread Group 1-315,text,true,,62961,119,17,17,https://www.dhakasnob.com/,1081,0,538
1691732261167,2184,HTTP Request,200,OK,Thread Group 1-314,text,true,,62961,119,18,18,https://www.dhakasnob.com/,1109,0,551
1691732261510,1888,HTTP Request,200,OK,Thread Group 1-316,text,true,,62961,119,19,19,https://www.dhakasnob.com/,1091,0,544
1691732262352,1065,HTTP Request,200,OK,Thread Group 1-310,text,true,,62938,119,19,19,https://www.dhakasnob.com/,534,0,0
1691732261852,1864,HTTP Request,200,OK,Thread Group 1-318,text,true,,62961,119,19,19,https://www.dhakasnob.com/,1079,0,537
1691732262738,1091,HTTP Request,200,OK,Thread Group 1-312,text,true,,62938,119,20,20,https://www.dhakasnob.com/,284,0,0
1691732262023,1871,HTTP Request,200,OK,Thread Group 1-319,text,true,,62961,119,19,19,https://www.dhakasnob.com/,1075,0,536
1691732262917,1092,HTTP Request,200,OK,Thread Group 1-313,text,true,,62938,119,20,20,https://www.dhakasnob.com/,283,0,0
1691732262194,1906,HTTP Request,200,OK,Thread Group 1-320,text,true,,62961,119,20,20,https://www.dhakasnob.com/,1102,0,548
1691732262364,1894,HTTP Request,200,OK,Thread Group 1-321,text,true,,62961,119,21,21,https://www.dhakasnob.com/,1097,0,546
1691732263202,1064,HTTP Request,200,OK,Thread Group 1-315,text,true,,62938,119,21,21,https://www.dhakasnob.com/,276,0,0
1691732262708,1941,HTTP Request,200,OK,Thread Group 1-323,text,true,,62961,119,22,22,https://www.dhakasnob.com/,1123,0,560
1691732263351,1357,HTTP Request,200,OK,Thread Group 1-314,text,true,,62938,119,22,22,https://www.dhakasnob.com/,551,0,0
1691732263715,1065,HTTP Request,200,OK,Thread Group 1-318,text,true,,62938,119,22,22,https://www.dhakasnob.com/,541,0,0
1691732263047,1920,HTTP Request,200,OK,Thread Group 1-325,text,true,,62961,119,22,22,https://www.dhakasnob.com/,1109,0,554
1691732262878,2167,HTTP Request,200,OK,Thread Group 1-324,text,true,,62961,119,22,22,https://www.dhakasnob.com/,1111,0,554
1691732261681,3419,HTTP Request,200,OK,Thread Group 1-317,text,true,,62961,119,23,23,https://www.dhakasnob.com/,1586,0,542
1691732262222,2956,HTTP Request,200,OK,Thread Group 1-309,text,true,,62938,119,23,23,https://www.dhakasnob.com/,284,0,0
1691732264100,1090,HTTP Request,200,OK,Thread Group 1-320,text,true,,62938,119,22,22,https://www.dhakasnob.com/,285,0,0
1691732263398,1949,HTTP Request,200,OK,Thread Group 1-316,text,true,,62938,119,22,22,https://www.dhakasnob.com/,279,0,0
1691732263562,1890,HTTP Request,200,OK,Thread Group 1-328,text,true,,62961,119,22,22,https://www.dhakasnob.com/,1093,0,545
1691732263894,1887,HTTP Request,200,OK,Thread Group 1-319,text,true,,62938,119,23,23,https://www.dhakasnob.com/,279,0,0
1691732263731,2119,HTTP Request,200,OK,Thread Group 1-329,text,true,,62961,119,23,23,https://www.dhakasnob.com/,1078,0,537
1691732262537,3338,HTTP Request,200,OK,Thread Group 1-322,text,true,,62961,119,23,23,https://www.dhakasnob.com/,2259,0,1181
1691732264257,1622,HTTP Request,200,OK,Thread Group 1-321,text,true,,62938,119,23,23,https://www.dhakasnob.com/,818,0,0
1691732264073,1916,HTTP Request,200,OK,Thread Group 1-331,text,true,,62961,119,23,23,https://www.dhakasnob.com/,1108,0,551
1691732264967,1093,HTTP Request,200,OK,Thread Group 1-325,text,true,,62938,119,23,23,https://www.dhakasnob.com/,284,0,0
1691732262572,3494,HTTP Request,200,OK,Thread Group 1-311,text,true,,62938,119,22,22,https://www.dhakasnob.com/,1361,0,0
1691732264245,1922,HTTP Request,200,OK,Thread Group 1-332,text,true,,62961,119,22,22,https://www.dhakasnob.com/,1113,0,553
1691732264417,1913,HTTP Request,200,OK,Thread Group 1-333,text,true,,62961,119,23,23,https://www.dhakasnob.com/,1102,0,547
1691732265046,1400,HTTP Request,200,OK,Thread Group 1-324,text,true,,62938,119,23,23,https://www.dhakasnob.com/,552,0,0
1691732264586,1918,HTTP Request,200,OK,Thread Group 1-334,text,true,,62961,119,23,23,https://www.dhakasnob.com/,1110,0,552
1691732263390,3456,HTTP Request,200,OK,Thread Group 1-327,text,true,,62961,119,25,25,https://www.dhakasnob.com/,1106,0,548
1691732264928,1928,HTTP Request,200,OK,Thread Group 1-336,text,true,,62961,119,25,25,https://www.dhakasnob.com/,1122,0,552
1691732265100,1908,HTTP Request,200,OK,Thread Group 1-337,text,true,,62961,119,26,26,https://www.dhakasnob.com/,1101,0,547
1691732265850,1317,HTTP Request,200,OK,Thread Group 1-329,text,true,,62938,119,27,27,https://www.dhakasnob.com/,536,0,0
1691732265441,1941,HTTP Request,200,OK,Thread Group 1-339,text,true,,62961,119,27,27,https://www.dhakasnob.com/,1126,0,564
1691732265271,2193,HTTP Request,200,OK,Thread Group 1-338,text,true,,62961,119,27,27,https://www.dhakasnob.com/,1114,0,553
1691732265612,1860,HTTP Request,200,OK,Thread Group 1-340,text,true,,62961,119,27,27,https://www.dhakasnob.com/,1074,0,532
1691732265874,1633,HTTP Request,200,OK,Thread Group 1-322,text,true,,62938,119,27,27,https://www.dhakasnob.com/,554,0,0
1691732266167,1363,HTTP Request,200,OK,Thread Group 1-332,text,true,,62938,119,26,26,https://www.dhakasnob.com/,554,0,0
1691732264649,2913,HTTP Request,200,OK,Thread Group 1-323,text,true,,62938,119,25,25,https://www.dhakasnob.com/,924,0,0
1691732264758,2848,HTTP Request,200,OK,Thread Group 1-335,text,true,,62961,119,24,24,https://www.dhakasnob.com/,1114,0,553
1691732265452,2174,HTTP Request,200,OK,Thread Group 1-328,text,true,,62938,119,24,24,https://www.dhakasnob.com/,281,0,0
1691732265990,1638,HTTP Request,200,OK,Thread Group 1-331,text,true,,62938,119,23,23,https://www.dhakasnob.com/,562,0,0
1691732266857,1093,HTTP Request,200,OK,Thread Group 1-336,text,true,,62938,119,22,22,https://www.dhakasnob.com/,286,0,0
1691732266126,1862,HTTP Request,200,OK,Thread Group 1-343,text,true,,62961,119,21,21,https://www.dhakasnob.com/,1078,0,535
1691732267008,1087,HTTP Request,200,OK,Thread Group 1-337,text,true,,62938,119,21,21,https://www.dhakasnob.com/,283,0,0
1691732265955,2225,HTTP Request,200,OK,Thread Group 1-342,text,true,,62961,119,20,20,https://www.dhakasnob.com/,1139,0,536
1691732266298,1890,HTTP Request,200,OK,Thread Group 1-344,text,true,,62961,119,20,20,https://www.dhakasnob.com/,1094,0,542
1691732265099,3218,HTTP Request,200,OK,Thread Group 1-317,text,true,,62938,119,20,20,https://www.dhakasnob.com/,538,0,0
1691732267383,1100,HTTP Request,200,OK,Thread Group 1-339,text,true,,62938,119,19,19,https://www.dhakasnob.com/,285,0,0
1691732267472,1067,HTTP Request,200,OK,Thread Group 1-340,text,true,,62938,119,18,18,https://www.dhakasnob.com/,544,0,0
1691732266811,1916,HTTP Request,200,OK,Thread Group 1-347,text,true,,62961,119,17,17,https://www.dhakasnob.com/,1107,0,551
1691732266637,2121,HTTP Request,200,OK,Thread Group 1-346,text,true,,62961,119,17,17,https://www.dhakasnob.com/,1076,0,531
1691732266979,1882,HTTP Request,200,OK,Thread Group 1-348,text,true,,62961,119,17,17,https://www.dhakasnob.com/,1085,0,538
1691732266468,2429,HTTP Request,200,OK,Thread Group 1-345,text,true,,62961,119,17,17,https://www.dhakasnob.com/,1099,0,545
1691732267989,1059,HTTP Request,200,OK,Thread Group 1-343,text,true,,62938,119,17,17,https://www.dhakasnob.com/,533,0,0
1691732266504,2676,HTTP Request,200,OK,Thread Group 1-334,text,true,,62938,119,16,16,https://www.dhakasnob.com/,283,0,0
1691732268189,1073,HTTP Request,200,OK,Thread Group 1-344,text,true,,62938,119,15,15,https://www.dhakasnob.com/,277,0,0
1691732266847,2518,HTTP Request,200,OK,Thread Group 1-327,text,true,,62938,119,14,14,https://www.dhakasnob.com/,597,0,0
1691732263902,5519,HTTP Request,200,OK,Thread Group 1-330,text,true,,62961,119,13,13,https://www.dhakasnob.com/,3308,0,540
1691732265784,3705,HTTP Request,200,OK,Thread Group 1-341,text,true,,62961,119,13,13,https://www.dhakasnob.com/,2484,0,550
1691732268180,1321,HTTP Request,200,OK,Thread Group 1-342,text,true,,62938,119,13,13,https://www.dhakasnob.com/,536,0,0
1691732267607,1902,HTTP Request,200,OK,Thread Group 1-335,text,true,,62938,119,12,12,https://www.dhakasnob.com/,822,0,0
1691732267150,2548,HTTP Request,200,OK,Thread Group 1-349,text,true,,62961,119,11,11,https://www.dhakasnob.com/,1384,0,552
1691732268728,1088,HTTP Request,200,OK,Thread Group 1-347,text,true,,62938,119,11,11,https://www.dhakasnob.com/,282,0,0
1691732268862,1073,HTTP Request,200,OK,Thread Group 1-348,text,true,,62938,119,10,10,https://www.dhakasnob.com/,542,0,0
1691732267465,2526,HTTP Request,200,OK,Thread Group 1-338,text,true,,62938,119,9,9,https://www.dhakasnob.com/,557,0,0
1691732267322,2879,HTTP Request,200,OK,Thread Group 1-350,text,true,,62961,119,8,8,https://www.dhakasnob.com/,1837,0,534
1691732268897,1347,HTTP Request,200,OK,Thread Group 1-345,text,true,,62938,119,8,8,https://www.dhakasnob.com/,549,0,0
1691732270202,1316,HTTP Request,200,OK,Thread Group 1-350,text,true,,62938,119,7,7,https://www.dhakasnob.com/,533,0,0
1691732269698,1913,HTTP Request,200,OK,Thread Group 1-349,text,true,,62938,119,6,6,https://www.dhakasnob.com/,557,0,0
1691732268759,3220,HTTP Request,200,OK,Thread Group 1-346,text,true,,62938,119,5,5,https://www.dhakasnob.com/,2129,0,0
1691732263218,9187,HTTP Request,200,OK,Thread Group 1-326,text,true,,62961,119,4,4,https://www.dhakasnob.com/,4621,0,534
1691732272406,4,HTTP Request,Non HTTP response code: org.apache.http.NoHttpResponseException,Non HTTP response message: www.dhakasnob.com:443 failed to respond,Thread Group 1-326,text,false,,2099,0,4,4,https://www.dhakasnob.com/,0,0,0
1691732269490,3011,HTTP Request,200,OK,Thread Group 1-341,text,true,,62938,119,3,3,https://www.dhakasnob.com/,551,0,0
1691732266330,6570,HTTP Request,200,OK,Thread Group 1-333,text,true,,62938,119,2,2,https://www.dhakasnob.com/,2465,0,0
1691732269422,4045,HTTP Request,200,OK,Thread Group 1-330,text,true,,62938,119,1,1,https://www.dhakasnob.com/,797,0,0
